0,1,2,3,4
Pravin Gundecha,No data,"['Divaswapna', 'Aapne to chhie bindaas', 'Ambition']",['Reparto'],Sin oscar
Rachel Brosnahan,No data,No data,No data,Sin oscar
Carl Bailey,No data,[''],"['Reparto', 'Especialistas', 'Producción']",Más en IMDbPro
Denisse Vega,No data,['Las hijas del narco'],['Reparto'],Sin oscar
Adi Lokesh,No data,"['Raaj', 'Circus', 'Kaamannana Makkalu', 'RX Suri']",['Reparto'],Sin oscar
Kingsley Ben-Adir,1986,[''],['Reparto'],Nominado a 1 premio BAFTA
Allison Hyde,No data,"['No Angels', '2006 • 3 episodios', '2016']",['Equipos adicionales'],Más en IMDbPro
Libby Villari,1951,[''],['Reparto'],Sin Oscar
Oliver Steer,No data,"['Un monstruo viene a verme', 'Casualty', '2014 • 1 episodio']",['Reparto'],Sin oscar
Bill Moseley,1951,[''],"['Reparto', 'Producción', 'Guion']",Sin Oscar
Trent Ford,1979,[''],"['Reparto', 'Dirección de arte']",Sin oscar
Michelle Renee Allaire,No data,[''],"['Reparto', 'Producción', 'Localización']",Más en IMDbPro
Sreemukhi,1993,"['Julayi', 'Gentleman', 'Nenu Sailaja', 'Bholaa Shankar']",['Reparto'],Sin oscar
Juan Vera,No data,"['El amor menos pensado', '2 + 2', 'Poliladron', '1994–1996 • 112 episodios', 'Producción']","['Producción', 'Equipos adicionales', 'Guion']",Sin Oscar
Heather Lind,1983,[''],"['Reparto', 'Producción']",Sin Oscar
Deeksha Panth,No data,[''],['Reparto'],Más en IMDbPro
William Charles Mitchell,No data,"['Los pingüinos del Sr. Poper', 'Syriana', 'Ley y orden', '2000–2005 • 3 episodios', '2006']",['Reparto'],Sin oscar
Marie Avgeropoulos,1986,[''],"['Reparto', 'Especialistas']",Sin Oscar
A. Jai Simone,No data,"['Just Go 4 It', 'Losing Everything', 'Star', 'Kennedy']",['Reparto'],Sin oscar
Malavika Avinash,No data,"['K.G.F: Chapter 1', 'Kaithi', 'K.G.F: Chapter 2', 'Mr. And Mrs. Ramchari']","['Reparto', 'Dirección']",Más en IMDbPro
Ebonee Noel,1990,[''],"['Reparto', 'Banda sonora']",Sin oscar
Anna Sophia Berglund,1986,[''],"['Reparto', 'Guion', 'Producción']",Sin oscar
Meissa Hampton,No data,[''],"['Reparto', 'Dirección', 'Guion']",Más en IMDbPro
Dominic Serva,No data,['Just Like We Used to Do'],"['Reparto', 'Equipos adicionales']",Sin oscar
Viva Bianca,1983,[''],"['Reparto', 'Producción', 'Dirección']",Sin oscar
George Carroll,No data,[''],"['Reparto', 'Guion', 'Música']",Más en IMDbPro
Arieh Worthalter,1985,[''],"['Reparto', 'Música']",Sin Oscar
Anders Holm,1981,[''],"['Reparto', 'Guion', 'Producción']",Sin Oscar
Jesse Woodrow,1976,[''],"['Reparto', 'Producción']",Sin Oscar
Aleksander Ristic,No data,[''],['Reparto'],Más en IMDbPro
Carissa Caparas,No data,"['American DJ', '8,5', 'No Such Agency', 'Barfly']",['Reparto'],Sin oscar
Jane Alderman,1939,"['Llamaradas', 'Gente corriente', 'Asesinos natos', 'Separados']","['Dirección de casting', 'Casting', 'Reparto']",Sin Oscar
Bozena Dykiel,1948,[''],"['Reparto', 'Banda sonora']",Sin oscar
Peter Greene,1965,[''],"['Reparto', 'Producción']",Sin Oscar
Meghan Aruffo,1989,[''],['Reparto'],Sin oscar
Reece Douglas,No data,"['Cleft Lip', 'Waterloo Road', '2009–2012 • 74 episodios', '2022', '2016']",['Reparto'],Sin Oscar
Stephen Pepperdine,No data,['My Feral Heart'],['Reparto'],Sin oscar
Shanda Lee Munson,enero,[''],"['Reparto', 'Producción', 'Guion']",Sin oscar
Elena Parrini,No data,['La notte delle verità'],['Reparto'],Sin oscar
Lino Del Core,No data,"['Imborrable', '2015 • 1 episodio', 'Rufus Leichin', 'Producción', 'Guion']","['Reparto', 'Producción', 'Dirección']",Sin oscar
Valeria Mosquera,No data,['El duende sátiro'],['Reparto'],Sin oscar
Meredith Shank,No data,[''],['Reparto'],Sin Oscar
Yûsuke Saitô,No data,"['Gachi-ban', 'Kinbaku: Tsuki no Shô', '5,1', 'Reparto']",['Reparto'],Sin oscar
Yuji Kaneko,No data,"['Land of the Lustrous', '2017 • 2 episodios', '2010', '2014', '2015']","['Dirección de arte', 'Animación', 'Arte']",Sin Oscar
John Lordan,No data,"['Negociador', 'The Straight Story: Una historia verdadera', 'Dustclouds', 'Ctrl + Life + Delete', '2013']",['Reparto'],Sin oscar
Alana DeVito,No data,"['Minor', 'Sonido', 'Composición']","['Reparto', 'Guion', 'Composición']",Sin oscar
J'aime Spezzano,No data,"['Uneasy Lies the Mind', 'The Casting Office', 'Social Norm', 'Marco Polo']","['Reparto', 'Guion', 'Producción']",Sin oscar
Christopher Gorham,agosto,[''],"['Reparto', 'Dirección', 'Guion']",Sin Oscar
Pari Gujarat,No data,['Patel Paachho Na Pade Thakor Koi Thi Na Dare'],['Reparto'],Sin oscar
Lalida Pluemsamran,No data,['The Rain Stories'],['Reparto'],Sin oscar
Giles Matthey,1987,[''],['Reparto'],Sin oscar
Chang-Jo Kim,No data,"['Eoneu yeoreumnal bame', 'Tajja: One aideu jaek']",['Reparto'],Sin oscar
Prilly Latuconsina,No data,"['Kukira Kau Rumah', 'I Love You Silly', '2021', '2023', '2023']","['Reparto', 'Producción', 'Banda sonora']",Sin Oscar
Lisa Valerie Morgan,No data,[''],"['Reparto', 'Producción', 'Guion']",Más en IMDbPro
Alexandra Roach,1987,[''],"['Reparto', 'Guion', 'Banda sonora']",Sin oscar
Esma Daniel,1969,"['Zaiton: Ceritaku', 'Santau', 'XX Ray', 'Juang']","['Reparto', 'Dirección', 'Guion']",Sin Oscar
Christine Amusugut,No data,['N.S.I.W.E'],['Reparto'],Sin oscar
Troy Brenna,1970,[''],"['Especialistas', 'Reparto', 'Efectos visuales']",Sin oscar
Rohit Chandel,1995,"['The American Gandhi', 'Blind Game', 'Serie de TV', '5,7']",['Reparto'],Sin oscar
Chad Michael Murray,1981,[''],"['Reparto', 'Producción', 'Dirección']",Sin Oscar
Arturo Castro,1985,[''],"['Reparto', 'Guion', 'Producción']",Sin Oscar
André Mattos,1961,[''],"['Reparto', 'Guion', 'Producción']",Sin Oscar
Sophia Namwangye,No data,['Invisible Cuffs'],['Reparto'],Sin oscar
Ella Purnell,1996,[''],"['Reparto', 'Producción', 'Dirección']",Sin Oscar
Mary Kate Schellhardt,1978,[''],"['Reparto', 'Guion']",Sin oscar
Michael Abbott Jr.,julio,[''],"['Reparto', 'Producción', 'Dirección']",Sin Oscar
Joseph Fiennes,1970,[''],"['Reparto', 'Producción', 'Dirección']",Nominado para 1 premio Primetime Emmy
Ugezu J. Ugezu,No data,"['Circle of Fire', 'Dirección', '2016']","['Dirección', 'Guion', 'Reparto']",Sin oscar
Behar Djemali,No data,['Fluefangeren'],['Reparto'],Sin oscar
Master Mayur,No data,['Rangolu'],['Reparto'],Sin oscar
Ivo Canelas,1973,[''],"['Reparto', 'Dirección de fotografía y cámara']",Sin Oscar
Brendan Wimsett,No data,"['Strega', 'Psycho Ape!', 'Morning Deliveries: Part One', '2019', '2020']","['Producción', 'Reparto', 'Sonido']",Sin oscar
Jerry Eselgroth,No data,"['Mexica Curse', 'Western X']",['Reparto'],Sin oscar
Kimberly Gail Williams,No data,[''],"['Reparto', 'Guion y continuidad']",Más en IMDbPro
Erica Page,No data,[''],['Reparto'],Más en IMDbPro
Roland Schreglmann,1988,"['Die Wolke', 'Hindafing', '2017–2019 • 12 episodios', 'Ludwig', 'Serie de TV']",['Reparto'],Sin oscar
Satish Ponnayya,No data,['Dakshayagna'],['Reparto'],Sin oscar
Robert Emms,1986,[''],"['Reparto', 'Composición']",Sin Oscar
Chasen Bauer,No data,[''],"['Reparto', 'Guion']",Más en IMDbPro
Bitty Schram,julio,[''],['Reparto'],Sin Oscar
Ian Patrick Williams,No data,[''],"['Reparto', 'Guion', 'Banda sonora']",Más en IMDbPro
Manoj K. Bharathi,No data,"['Enthiran', 'Maanaadu', 'Sigappu Rojakkal 2', 'Dirección']","['Reparto', 'Dirección', 'Dirección de la segunda unidad o asistencia a dirección']",Sin oscar
Tom Vaughan-Lawlor,1977,[''],['Reparto'],Sin Oscar
Bojan Navojec,1976,[''],"['Reparto', 'Guion']",Sin Oscar
Estivenson Rodriguez,No data,['Piloto'],"['Reparto', 'Equipos adicionales']",Sin oscar
Terry Bracey,No data,"['The White Room', 'Mazeppa', '1997', 'Equipos adicionales', 'Equipos adicionales']","['Equipos adicionales', 'Dirección de la segunda unidad o asistencia a dirección']",Sin oscar
Gábor Czap,No data,"['Guerra mundial Z', 'Extinction', 'The King', 'Matones sobre ruedas']","['Reparto', 'Especialistas']",Más en IMDbPro
Jude Law,1972,[''],"['Reparto', 'Producción', 'Dirección']",Nominado para 2 premios Óscar
James Preston Rogers,1972,[''],"['Reparto', 'Especialistas']",Sin oscar
Nicole I. Butler,No data,[''],"['Reparto', 'Especialistas']",Más en IMDbPro
Kola Bokinni,1992,[''],"['Reparto', 'Banda sonora']",Sin Oscar
Dawn Adams,No data,"['American Gigolo', 'Cita con la muerte', '1965 • 1 episodio', '1980']",['Reparto'],Sin oscar
Laurence Fishburne,1961,[''],"['Reparto', 'Producción', 'Dirección']",Nominado para 1 premio Óscar
Arnold Oceng,1985,[''],"['Reparto', 'Banda sonora']",Sin Oscar
Paul Diomede,1970,"['Los amos de Brooklyn', 'Tenemos que hablar de Kevin', 'Infierno en las calles', 'El mensajero']","['Reparto', 'Guion']",Sin oscar
Hayley Davis,No data,"['Un invierno para enamorarse', '2016']",['Reparto'],Sin oscar
Christopher Rivera,No data,[''],['Reparto'],Más en IMDbPro
Sarah Dashun,No data,"['A Broken Hart', 'Tracey', 'Vídeo', 'Corto']",['Reparto'],Sin oscar
Luis Torres,No data,"['Shaft: The Return', 'La camioneta gris', 'F.L.Y.', 'Cuando salí de Cuba']",['Reparto'],Sin oscar
Eden Epstein,No data,[''],['Reparto'],Más en IMDbPro
Chris O'Dowd,1979,[''],"['Reparto', 'Producción', 'Guion']",Ganó 1 premio Primetime Emmy
Keanu Reeves,1964,[''],"['Reparto', 'Producción', 'Equipos adicionales']",Sin Oscar
Baadja-Lyne Odums,agosto,[''],"['Reparto', 'Producción']",Sin oscar
Tyler Riggs,No data,[''],"['Reparto', 'Dirección', 'Guion']",Más en IMDbPro
Anuradha Mukherjee,1994,"['Sweater', 'Halahal', 'Niharika (In the Mist)', 'Nosto Purush']",['Reparto'],Sin Oscar
Katie Gamelli,No data,No data,['Agente de talentos'],Más en IMDbPro
Sean Payne,No data,"['Disasters at Sea', '2019 • 1 episodio', 'Self']",No data,Sin oscar
Christopher Higgins,No data,[''],"['Reparto', 'Cámara y electricidad', 'Equipos adicionales']",Más en IMDbPro
Rashmi,No data,['Shiddat'],['Reparto'],Sin oscar
Daniela Bobadilla,1993,[''],['Reparto'],Sin Oscar
Tara Reid,1975,[''],"['Reparto', 'Producción', 'Dirección']",Sin Oscar
Angela Nordeng,1988,[''],"['Reparto', 'Producción', 'Edición']",Sin Oscar
Arman Ali,No data,"['Living Lost', 'The Advanced Technological Regression of Nestor Talbot', '2015', 'Corto']",['Reparto'],Sin oscar
John Gould,No data,[''],"['Reparto', 'Dirección', 'Producción']",Más en IMDbPro
Gabriel da Silva,1988,"['Milas Tagebuch', 'Fake World', 'Der lautlose Schrei', 'Corto']","['Reparto', 'Guion', 'Dirección']",Sin Oscar
Gabriel Olds,1972,[''],['Reparto'],Sin Oscar
Annastiina Toppari,No data,"['Loukasmäen Taistelu', 'Juhannustyttö', '7,0', '4,7']",['Reparto'],Sin Oscar
Mesut Akusta,1964,[''],"['Reparto', 'Dirección de la segunda unidad o asistencia a dirección', 'Banda sonora']",Sin oscar
Patrick Wilson,1973,[''],"['Reparto', 'Producción', 'Dirección']",Nominado para 1 premio Primetime Emmy
Cristina Castaño,1978,[''],"['Reparto', 'Banda sonora']",Sin Oscar
Stacey Bradshaw,1986,[''],"['Reparto', 'Cámara y electricidad', 'Arte']",Sin Oscar
Jim Klock,septiembre,[''],"['Reparto', 'Guion', 'Producción']",Sin Oscar
Torrance Coombs,1983,[''],['Reparto'],Sin Oscar
Kenneth Hughes,1922,[''],"['Guion', 'Dirección', 'Producción']",Ganó 1 premio Primetime Emmy
Vic Stagliano,No data,[''],"['Reparto', 'Producción', 'Dirección']",Más en IMDbPro
Fearne Brown,No data,['Bliss!'],['Reparto'],Sin oscar
Gregory Harrison,1950,[''],"['Reparto', 'Producción', 'Dirección']",Sin Oscar
Allene Lindsey,No data,"['Words to Kill', '6,6', 'Corto', 'Corto']",['Reparto'],Sin oscar
Thure Lindhardt,1974,[''],"['Reparto', 'Dirección', 'Producción']",Sin Oscar
Dora Kalesi,No data,"['Code 0044', 'Maths Degree', '2010']",['Reparto'],Sin oscar
Kailash Shahadadpuri,No data,"['Aapne to chhie bindaas', 'Dhaakad', 'Fakebook Dhamaal', 'Sasu Maa']",['Reparto'],Sin oscar
Mikkel Vadsholt,1970,"['Bakerman', 'Absalons hemmelighed', '2006 • 22 episodios', '2009', '2016']",['Reparto'],Sin Oscar
Benben Guo,No data,"['Shi shui yuan 48 xiaoshi', '7,1', 'Vela 734', '2009', 'Reparto']",['Reparto'],Sin oscar
Bárbara Goenaga,1983,[''],['Reparto'],Sin Oscar
Serge Houde,1953,[''],['Reparto'],Sin Oscar
Shone Satheesh Babu,No data,['Romance with Finance'],['Reparto'],Sin oscar
Geovanny Jerez,No data,"['Abnegación', 'La Otra Penélope', 'A Orillas del Mar', 'Suplicio']","['Reparto', 'Dirección', 'Guion']",Sin oscar
Henning Valin Jakobsen,1965,[''],"['Reparto', 'Casting']",Sin oscar
Mindy Sterling,1953,[''],"['Reparto', 'Música', 'Equipos adicionales']",Nominado para 2 premios Primetime Emmy
Jasmine Dustin,1983,[''],"['Reparto', 'Producción']",Sin oscar
Pavani Reddy,1988,"['Thunivu', 'Dream', 'Neelakkuyil', 'Login']",['Reparto'],Sin oscar
L.N. Mukundaraj,No data,['Kaada Haadiya Hoogalu'],"['Dirección', 'Guion']",Sin oscar
Slaven Doslo,1991,[''],['Reparto'],Sin oscar
Jeremiah Trotter,1977,"['The North Star', 'NFL Monday Night Football', '2001 • 1 episodio', 'Self - Philadelphia Eagles Linebacker', 'Serie de TV']",['Reparto'],Sin oscar
Brian Ceely,No data,"['Brothers James: Retribution', '7,3', 'Corto', 'Simon']","['Reparto', 'Guion']",Sin oscar
Via Kali,No data,['Urania Descending'],['Reparto'],Sin oscar
Sharon Omi,No data,[''],"['Reparto', 'Producción']",Más en IMDbPro
Roxane Revon,No data,"['The Innocent', 'Lydia']","['Producción', 'Reparto', 'Guion']",Sin oscar
Elisa Stone,No data,"[""The Bridge Master's Daughter"", 'A Well-Watered Garden', 'Old Radicals', 'Montaña de luz', '2008']","['Dirección de fotografía y cámara', 'Dirección', 'Producción']",Sin oscar
Daniel Berson,No data,[''],"['Reparto', 'Dirección', 'Guion']",Más en IMDbPro
Malina Pauli Weissman,2003,[''],"['Reparto', 'Banda sonora']",Sin Oscar
Art Bonilla,No data,[''],"['Reparto', 'Dirección', 'Guion']",Más en IMDbPro
Elliott Jones,No data,[''],No data,Sin oscar
Ashish Warang,No data,"['Drishyam', 'Sooryavanshi', 'Ek Villain Returns', 'Mardaani']",['Reparto'],Más en IMDbPro
José Salof,mayo,[''],"['Reparto', 'Guion', 'Dirección']",Sin oscar
Jeff Ronan,No data,"['Sleepwalkers', 'Dead Souls', 'Canvas of Death', 'How Dark They Prey']",['Reparto'],Sin oscar
Katrina Bowden,1988,[''],['Reparto'],Sin Oscar
Xinyu Zhou,No data,['Ai qing bu deng shi'],['Reparto'],Sin oscar
Giancarlo Dittamo,No data,"['Seven Lovers', 'Liv Forever', '2020', 'Birth of the Stunner', '2021']","['Reparto', 'Dirección', 'Edición']",Sin oscar
Josh Lucas,1971,[''],"['Reparto', 'Producción', 'Dirección de fotografía y cámara']",Sin Oscar
John Chan,1935,[''],['Reparto'],Sin oscar
Jayaprakasha Mavinakuli,No data,['400'],['Reparto'],Sin oscar
Angelo Campolo,No data,"['No matarás', '2015 • 1 episodio', '2016', 'Palmiro Bellantone', '2018']",['Reparto'],Sin oscar
Connor Moore,No data,"['Love Is Blind', '2023 • 1 episodio']",No data,Más en IMDbPro
Matthieu Dessertine,No data,"['À Quoi on Joue', 'Mal genio', 'Ma sacrée jeunesse', '6,2']","['Reparto', 'Dirección', 'Guion']",Sin oscar
Shille Manjunath,No data,"['Ugramm', 'Bombaat', 'Krishnan Love Story', 'Chingari']",['Reparto'],Sin oscar
David R. Butler,No data,"['Hedda Gabler', 'The Perfect Kiss', 'Our Church of Sexual Purity', 'Free Falling']",['Reparto'],Sin oscar
Roozbeh Hesari,No data,"['Afra', '2021', 'Emrouz', 'Hello Mr. Principle', '2019']",['Reparto'],Sin Oscar
Jammie Patton,No data,[''],"['Reparto', 'Dirección', 'Guion']",Más en IMDbPro
Peter Firth,1953,[''],"['Reparto', 'Banda sonora']",Nominado para 1 premio Óscar
Ugramm Ravi,No data,"['Kantara', 'K.G.F: Chapter 1', 'Ugramm', 'Ambi Ning Vysaitho']",['Reparto'],Sin oscar
Samuel Hunt,1986,[''],"['Reparto', 'Dirección', 'Guion']",Sin Oscar
Megan Mullally,1958,[''],"['Reparto', 'Producción', 'Guion']",Ganó 2 premios Primetime Emmy
Casey Bond,No data,[''],"['Reparto', 'Producción', 'Dirección']",Más en IMDbPro
Myron Sinju,No data,"['Infinite Gift', '7,0', 'Marcos Silva']",['Reparto'],Sin oscar
Shawn Frambach,No data,[''],['Reparto'],Más en IMDbPro
Kandis Fay,1985,[''],"['Dirección', 'Reparto', 'Guion']",Sin Oscar
Danielle Coyne,No data,[''],"['Reparto', 'Dirección', 'Guion']",Más en IMDbPro
Tvisha Adappa Tandur,No data,['Yashogathe'],['Reparto'],Sin oscar
Adam Clark,No data,[''],"['Reparto', 'Producción', 'Dirección']",Más en IMDbPro
Yulduz Rajabova,No data,"['Scorpion', 'Pozyvnoy Baron', 'Oyqiz ertagi', 'lieutenant Sabirova']",['Reparto'],Sin oscar
Renee LeeA Marsden,No data,[''],"['Reparto', 'Dirección de casting', 'Equipos adicionales']",Más en IMDbPro
Susanna Roald,1991,"['Krigarnas ö', '7X - Lika barn leka bäst', 'Gustafsson 3 tr', '2011 • 1 episodio', 'Student 3']",['Reparto'],Sin oscar
Brendan Cowell,1976,[''],"['Reparto', 'Guion', 'Dirección']",Sin Oscar
Potsch Boyd,No data,[''],"['Reparto', 'Guion', 'Producción']",Más en IMDbPro
Ananddev Mishra,No data,['What Next'],['Reparto'],Sin oscar
Daisy Head,1991,[''],['Reparto'],Sin oscar
Ryan Merriman,1983,[''],"['Reparto', 'Producción']",Sin Oscar
Jack McGee,1949,[''],['Reparto'],Sin Oscar
Johnny Moreno,No data,"[""I'm Still Here"", 'Naked Angel', 'Upside Out', 'Alan']","['Reparto', 'Guion', 'Equipos adicionales']",Sin oscar
Vijay R. Nagaraj,No data,['Yokkiyan Varan Somba Thooki Ulla Vai'],['Reparto'],Sin oscar
Sharat Khadri,No data,"['Sandalwood Sa Re Ga Ma', 'Dirección(as Sarath Khadri)']","['Dirección', 'Guion', 'Reparto']",Sin oscar
Michelle Rodriguez,1978,[''],"['Reparto', 'Producción', 'Banda sonora']",Sin Oscar
Matías Ludueña,No data,"['Minievo', '6,1', '5,9']","['Reparto', 'Cámara y electricidad']",Sin oscar
Michael Toshiyuki Uno,No data,"['The Wash', 'CBS Schoolbreak Special', '1985 • 2 episodios', 'Dirección', 'Película de TV']","['Dirección', 'Equipos adicionales', 'Reparto']",Nominado para 1 premio Óscar
David Stair,No data,['The Adventures of Bunnie and Claude'],['Reparto'],Sin oscar
Beverly Naya,No data,[''],"['Reparto', 'Producción', 'Guion']",Más en IMDbPro
Jake Jennette,No data,['When to Die'],No data,Sin oscar
Lulu Braha,No data,"['Un momento en el tiempo - Waves', 'The Killing of a Japanese Bookie', 'Sam and Me', 'Ghosts of War']","['Reparto', 'Maquillaje']",Sin oscar
Abhay Chandarana,No data,"['Hutututu: Aavi Ramat Ni Rutu', 'Dr. Mukta', 'Major Joshi']",['Reparto'],Sin oscar
Naveen Sanjay,No data,"['Vaalujada', '8,2', '7,7', 'Ramu']",['Reparto'],Sin oscar
Dominic Luongo,No data,[''],"['Reparto', 'Producción', 'Guion']",Más en IMDbPro
Vetle Næss,No data,"['Astronauter og filmstjerner', 'Pitbullterje']",['Reparto'],Sin oscar
Vinod Patil,No data,"['Rakhta Charitra', 'Bulbule', 'Rann', 'Saavat: A Hunt for Closure']","['Cámara y electricidad', 'Dirección de fotografía y cámara', 'Guion']",Sin oscar
Charlotte Best,1994,[''],"['Reparto', 'Especialistas', 'Equipos adicionales']",Sin Oscar
Jimmy DeTalente,No data,[''],"['Reparto', 'Equipos adicionales', 'Banda sonora']",Más en IMDbPro
Carlos Leal,1969,[''],"['Reparto', 'Producción', 'Guion']",Sin Oscar
Carol Rojas,No data,"['Nightmare: The Rise', 'Nightmare: The Change']",['Reparto'],Sin oscar
Guhan,No data,"['Weapon', 'Dirección', 'Serie de TV', 'Serie de TV']","['Dirección', 'Guion']",Sin oscar
Tihomir Stanic,1960,[''],"['Reparto', 'Guion', 'Producción']",Sin Oscar
Meghana Raj,1990,[''],"['Reparto', 'Música']",Sin oscar
Keir Charles,No data,"['Love Actually', 'Amor sin cita previa', 'Green Wing', '2004–2006 • 8 episodios', 'Colonel Raevsky']","['Reparto', 'Guion']",Más en IMDbPro
Nayana Krishna,No data,"['Rambha', 'Reparto', '2017']",['Reparto'],Sin oscar
Althea Corlett,No data,"['Gozo', 'Conduct', 'Un plan peligroso', '2015']",['Reparto'],Sin oscar
Koo Kyo-hwan,No data,[''],"['Reparto', 'Guion', 'Dirección']",Más en IMDbPro
Darrin Dewitt Henson,1972,[''],"['Reparto', 'Producción', 'Equipos adicionales']",Sin Oscar
Velmurugan,No data,"['Asuran', 'Yennai Arindhaal', 'Pichaikkaran', 'Thaandavam']","['Música', 'Reparto', 'Banda sonora']",Sin Oscar
Suzy Brack,No data,[''],['Reparto'],Más en IMDbPro
Paula Devicq,1965,[''],['Reparto'],Sin oscar
Eddy Rimada,No data,"['The Children of Hip Hop', '7,9', 'A Thousand Junkies', 'Muñeca']","['Reparto', 'Equipos adicionales']",Sin Oscar
H.P. Mendoza,marzo,"['Bitter Melon', 'Soy un fantasma', 'Colma: The Musical', 'Fruit Fly']","['Dirección', 'Guion', 'Composición']",Sin Oscar
Kjay Saifullah,No data,[''],['Reparto'],Más en IMDbPro
Ian Jerrell,No data,"['Fate', 'Kontrast', 'The Missing Link']",['Reparto'],Sin oscar
Miguel Collado,No data,"['Jet Set', ""Lisa's Treasure"", 'Undercover (II)']",['Reparto'],Sin oscar
Tony Fitzpatrick,No data,[''],['Reparto'],Más en IMDbPro
Christopher James Baker,No data,[''],"['Reparto', 'Guion', 'Producción']",Más en IMDbPro
Timmy Xu,1994,"['Zhong Guo ping pang zhi jue di fan ji', 'Shui dou zhi dao wo ai ni', 'Shang Yin', '2016 • 15 episodios', '2019']",['Reparto'],Sin Oscar
Mai Miori,No data,[''],['Reparto'],Más en IMDbPro
Rachel Jae,No data,['While We Were'],['Reparto'],Sin oscar
Maria Tona,No data,"['Sicilian Holiday - Sciacca, un sogno fatto in Sicilia']",['Dirección de producción'],Sin oscar
Juli López,No data,"['Oculta', 'Videoclip']",['Reparto'],Sin oscar
Karen L Charlton,No data,"['No Rainbow', 'One Under the Sun', 'I Hate You', 'False Colors']","['Reparto', 'Equipos adicionales']",Sin oscar
Sarah Elliott,No data,[''],['Reparto'],Más en IMDbPro
Abhijit Ghosh,No data,['Shivayogi Sri Puttayyajja'],['Reparto'],Sin oscar
Thanh Loc,1961,"['Había una vez', '2000–2019 • 32 episodios', '2019', '2017', '2009']","['Reparto', 'Dirección', 'Guion']",Sin oscar
Asa Butterfield,1997,[''],['Reparto'],Sin Oscar
Chiquito Yovanny Felis,No data,"['The Latin Dream', 'Fiebre Salsera', '2014']",['Reparto'],Sin oscar
Ewan McGregor,1971,[''],"['Reparto', 'Producción', 'Guion']",Ganó 1 premio Primetime Emmy
Brian Lee Franklin,No data,[''],"['Reparto', 'Dirección', 'Guion']",Más en IMDbPro
Tabah Penemuan,No data,"['Air Mata Terakhir Bunda', 'Roh', 'Lorong Waktu', '2004 • 4 episodios', '2017']",['Reparto'],Sin oscar
Sripriya Bopayya,No data,['Ishtartha'],['Reparto'],Sin oscar
Issei Ogata,1952,[''],"['Reparto', 'Banda sonora']",Sin Oscar
Guray Nalbant,No data,"['Target Number One', '6,1', 'Government agent', '2017']","['Reparto', 'Producción']",Sin oscar
Vikram Arya,No data,[''],['Reparto'],Sin oscar
Grace Folsom,No data,[''],['Reparto'],Más en IMDbPro
Connor Paolo,1990,[''],"['Reparto', 'Guion']",Sin Oscar
Harshika Poonacha,No data,[''],['Reparto'],Más en IMDbPro
Lucian Charles Collier,1990,"['Señores del caos', 'Limbo', ""The Only One Who Knows You're Afraid"", 'Spaceship']",['Reparto'],Sin oscar
Megan T. Curtis,No data,No data,No data,Sin oscar
Manjunath Parthasarthy,No data,['Keerthigobba'],['Reparto'],Sin oscar
Tilda Swinton,1960,[''],"['Reparto', 'Producción', 'Guion']",Ganó 1 premio Óscar
Rick Aiello,1955,[''],"['Reparto', 'Especialistas']",Sin Oscar
Will,1968,[''],"['Producción', 'Reparto', 'Guion']",Ganó 1 premio Óscar
Arun Bannerjee,No data,"['Byomkesh', '2014', '1989', '2012']","['Reparto', 'Guion']",Sin oscar
Sayantani DasGupta,No data,['The Student Body'],No data,Más en IMDbPro
Aguilar Jorge Luis,No data,['Oculta'],['Reparto'],Sin oscar
Vigen Stepanyan,1952,"['Thank You, Dad', 'Light Drops', '1978', '1981']","['Reparto', 'Guion']",Sin Oscar
Annick Wyss,No data,"['Other World', 'Tabernacle 101', '54 Days', ""Hadrian's Wall""]","['Reparto', 'Producción', 'Guion']",Sin oscar
Milan Maric,1990,[''],['Reparto'],Sin Oscar
Teresa Palmer,1986,[''],"['Reparto', 'Producción', 'Guion']",Sin Oscar
Mohamed Makhtoumi,No data,"['Asalto en París', 'Un profeta', 'La dernière recrue', '6,1']",['Reparto'],Más en IMDbPro
Paran Banerjee,1940,[''],"['Reparto', 'Música']",Sin Oscar
Ulrich Thomsen,1963,[''],"['Reparto', 'Producción', 'Dirección']",Sin Oscar
Yunita Siregar,No data,"['London Love Story', 'Hari Ini Akan Kita Ceritakan Nanti', 'Tumbal Kanjeng Iblis']",['Reparto'],Sin oscar
LeeAnne Hutchison,No data,[''],"['Reparto', 'Equipos adicionales']",Más en IMDbPro
Nhem Sokun,No data,"['Dream Land', 'The Road to Freedom: Year Zero', 'The Road to Freedom', 'The Making of The Road to Freedom']",['Reparto'],Sin oscar
Bernie Coulson,1965,[''],"['Reparto', 'Producción']",Sin oscar
Daniil Muravev,2008,"['Robo', 'Vedma', 'Blizhe, chem kazhetsya', '6,1']",['Reparto'],Sin oscar
Ilham Fauzi,No data,['Surat Untukmu'],['Reparto'],Sin oscar
Shae Faust,No data,['Just Like We Used to Do'],['Reparto'],Sin oscar
Adrian Sevilla Cortes,No data,"['Fiebre Salsera', '2014']",['Reparto'],Sin oscar
Tian Xiong Deng,No data,['The Racoon'],['Reparto'],Sin oscar
Howard Gibson,1973,[''],"['Producción', 'Dirección', 'Cámara y electricidad']",Sin Oscar
Alain Moussi,marzo,[''],"['Especialistas', 'Reparto', 'Producción']",Sin Oscar
Gina Carano,1982,[''],"['Reparto', 'Producción']",Sin Oscar
Naganatha Joshi,No data,"['Yakka', 'Música', '2011']","['Música', 'Dirección', 'Guion']",Sin oscar
Chedly Arfaoui,No data,"['Bolice', '2015–2016 • 48 episodios', '2011', '2017', '2016']","['Reparto', 'Guion']",Sin oscar
Andrew McNee,No data,[''],"['Reparto', 'Sonido', 'Equipos adicionales']",Más en IMDbPro
Popo,1918,[''],['Producción'],Sin Oscar
A. Raviteja,No data,No data,No data,Sin oscar
Iman Sedaghat,No data,['Faces and Mirrors'],['Reparto'],Sin oscar
Iedil Dzuhrie Alaudin,No data,"['J Revolusi', 'The Assistant', 'Terbaik Dari Langit', 'Pekak']","['Reparto', 'Banda sonora']",Sin oscar
Sasanka Samir,No data,"['Gaane Ki Aane', 'Semkhor', 'Goru', 'Mission China']","['Música', 'Reparto', 'Guion']",Sin oscar
Shruti,1986,[''],"['Reparto', 'Música', 'Composición']",Sin Oscar
Rodrigo Santoro,1975,[''],"['Reparto', 'Arte', 'Producción']",Sin Oscar
Kerry Norton,1972,[''],"['Reparto', 'Equipos adicionales']",Sin Oscar
Mina Delshad,No data,"['Entekhab-e Movaffagh', 'Reparto', '2012']",['Reparto'],Sin oscar
Tobias Lange,No data,['Project Stargate - an unscientific comedy'],['Reparto'],Sin oscar
Rhym Guisse,No data,[''],"['Reparto', 'Producción']",Más en IMDbPro
Terry Chen,1975,[''],"['Reparto', 'Guion', 'Producción']",Sin Oscar
Michael Varrati,1982,[''],"['Guion', 'Producción', 'Dirección']",Sin Oscar
Troy Bogdan,No data,[''],"['Reparto', 'Cámara y electricidad', 'Equipos adicionales']",Más en IMDbPro
Berkeley Clayborne,No data,[''],['Reparto'],Sin oscar
Cassandra Thomas,No data,[''],"['Reparto', 'Producción', 'Dirección']",Más en IMDbPro
Gary Knowles,No data,"['Solar Impact', 'Cruel Summer', 'Jolene: The Indie Folk Star Movie', 'The Penalty King']",['Reparto'],Sin oscar
Patrick Dillon,1895,[''],['Reparto'],Sin oscar
Bhargavi Chirmuley,1978,[''],['Reparto'],Sin oscar
Said Faraj,1964,[''],"['Reparto', 'Producción', 'Dirección']",Sin Oscar
Atul Hanwat,No data,"['Art of Murder', 'Kabir', 'Nikhil']",['Reparto'],Sin oscar
Fyodor Roschin,2004,"['Rikoshet', '2020 • 2 episodios', 'Ilya(as Fedor Roshchin)', 'Reparto', '2016']",['Reparto'],Sin oscar
Vanessa Rubio,1983,[''],"['Reparto', 'Guion', 'Dirección']",Sin oscar
Marcos Estrada,1982,"['Rebelde Way', '2008–2009 • 207 episodios', 'Olivia FritzenwaldenOlívia Fritzenwalden', 'Serie de TV', '5,7']",['Reparto'],Sin oscar
Will Merrick,1993,[''],['Reparto'],Sin oscar
Jessica Winingham,No data,"['The Dark Knight Returns: An Epic Fan Film', 'Four Color Eulogy', 'Wolfpeople', 'Color Me: Music Video']",['Reparto'],Sin oscar
Bo! Campbell,No data,"['Terminator: Génesis', 'What If We Got Off on the Wrong Foot?', 'Bumblebee', 'Venom: Habrá matanza']","['Sonido', 'Reparto', 'Producción']",Sin Oscar
Alex Higgins,1949,[''],['Banda sonora'],Sin oscar
Paul Goniwiecha,1989,"['Das Spiel beginnt', '8,2', 'Jan']",['Reparto'],Sin oscar
Pepe Serna,1944,[''],"['Reparto', 'Producción', 'Equipos adicionales']",Sin Oscar
Bisi Ariyo,No data,"[""'76""]",['Reparto'],Sin oscar
Todd Thomson,No data,[''],"['Reparto', 'Cámara y electricidad', 'Equipos adicionales']",Más en IMDbPro
Bhumi Pednekar,1989,[''],['Reparto'],Sin Oscar
Dashiell Wolf,No data,[''],"['Reparto', 'Producción']",Más en IMDbPro
Leif Gantvoort,1972,[''],"['Reparto', 'Dirección', 'Guion']",Sin Oscar
Emily VanCamp,1986,[''],"['Reparto', 'Banda sonora']",Sin Oscar
Sanket Chauhan,No data,"['Khuda Haafiz Chapter II: Agni Pariksha', 'Chhupam Chhaai']","['Arte', 'Reparto', 'Dirección de producción']",Sin oscar
Woon Young Park,junio,[''],"['Reparto', 'Especialistas', 'Dirección de la segunda unidad o asistencia a dirección']",Sin Oscar
Renato Biribin Jr.,No data,[''],"['Reparto', 'Producción', 'Guion']",Más en IMDbPro
Mary Bold,No data,[''],['Reparto'],Más en IMDbPro
Christopher Backus,1981,[''],['Reparto'],Sin Oscar
Zina Lee,No data,"['Year After Year', 'Fargo', '2017 • 5 episodios', 'LizzyLizzy (2019)', 'Serie de TV']",['Reparto'],Sin oscar
Hardhika Shetty,No data,"['Angaaraka', 'Reparto']",['Reparto'],Sin oscar
Stephanie Fitzpatrick,No data,"['Ida Corr vs. Fedde le Grand: Let Me Think About It', '2007', 'Dancer', '2009', 'Self']",['Reparto'],Sin oscar
Vincent James Prendergast,1982,[''],"['Reparto', 'Guion', 'Sonido']",Sin oscar
Jamie Blackley,1991,[''],"['Reparto', 'Banda sonora']",Sin Oscar
Emmanuelle Devos,1964,[''],"['Reparto', 'Guion', 'Dirección']",Sin Oscar
Mithra,No data,"['Tiger', 'Raaga', 'Anjaniputra', 'Jackie']","['Reparto', 'Producción']",Sin oscar
John Anderson,1922,[''],"['Reparto', 'Dirección de la segunda unidad o asistencia a dirección', 'Banda sonora']",Sin Oscar
Radhika Kumaraswamy,1986,[''],"['Reparto', 'Producción']",Sin oscar
Richard Madden,1986,[''],"['Reparto', 'Producción', 'Banda sonora']",Sin Oscar
Adam Scott Miller,No data,[''],['Reparto'],Sin oscar
Adelayo Adedayo,1988,[''],['Reparto'],Nominado a 1 premio BAFTA
Prasenjit Chatterjee,1962,[''],"['Producción', 'Reparto', 'Dirección']",Sin Oscar
Cristian Carabias,No data,"['El Rostro de la Venganza', '2012–2013 • 72 episodios', '7,6', 'Devuélveme La Vida']","['Reparto', 'Producción']",Sin oscar
Jasin Mustafa,No data,['Fluefangeren'],['Reparto'],Sin oscar
Raghu Babu,1964,[''],['Reparto'],Sin oscar
Luti Angelelli,No data,"['Aruanas', '2019 • 10 episodios', 'Deputado Stephanelli', 'Perci', 'Reparto']",['Reparto'],Sin oscar
Julia Roy,No data,[''],"['Reparto', 'Guion']",Más en IMDbPro
Sandra Elise Williams,octubre,[''],"['Reparto', 'Casting', 'Equipos adicionales']",Sin oscar
Mariam Zimadar Caranay-Raper,No data,['Women of the Weeping River'],['Reparto'],Sin Oscar
Helmut Bakaitis,1944,[''],"['Reparto', 'Equipos adicionales', 'Guion']",Sin oscar
Mykelti Williamson,1957,[''],"['Reparto', 'Dirección', 'Guion']",Sin Oscar
Javier Cámara,1967,[''],"['Reparto', 'Dirección', 'Guion']",Sin Oscar
Tracey B. Wilson,No data,[''],"['Reparto', 'Dirección', 'Guion']",Más en IMDbPro
Pankaj Motilal Gupta,No data,['Pyar Daa Sandesh'],['Reparto'],Sin oscar
Dominic West,1969,[''],"['Reparto', 'Producción', 'Dirección']",Ganó 1 premio BAFTA
Lilla Crawford,2001,[''],"['Reparto', 'Dirección', 'Banda sonora']",Sin Oscar
Zach Villa,1987,[''],"['Reparto', 'Cámara y electricidad', 'Producción']",Sin oscar
David Kross,1990,[''],"['Reparto', 'Banda sonora']",Sin Oscar
Tyso Ansonia,No data,"['Buzz Off', 'Umbrella', 'Whirlwind']","['Reparto', 'Equipos adicionales']",Sin oscar
Daniel Ramspacher,No data,"['The Anchorite', 'Survive DC']","['Reparto', 'Guion']",Sin oscar
Aindrita Ray,1985,[''],['Reparto'],Sin Oscar
Preetham Puneeth,No data,[''],['Reparto'],Sin oscar
Diego Manzano,No data,"['Desierto', 'La bala de Dios', 'Blackout', 'Placa de Acero']","['Dirección de la segunda unidad o asistencia a dirección', 'Reparto']",Sin oscar
Gualtiero Negrini,No data,[''],"['Reparto', 'Guion', 'Edición']",Más en IMDbPro
Agneta Gazelius,No data,"['Ett enkelt misstag', 'The Rain', 'Intrång', '2004', '2010']","['Reparto', 'Maquillaje']",Sin oscar
Efe Irele,No data,"['Karma on Ice', 'Manifestation', 'Daisy', '2023']","['Reparto', 'Producción']",Sin oscar
Accalia Quintana,No data,[''],['Reparto'],Más en IMDbPro
Sarah Healey,No data,"['La telaraña de Carlota', ""Caleb's Gift"", '2011', '2007', 'Self']","['Dirección de la segunda unidad o asistencia a dirección', 'Especialistas', 'Equipos adicionales']",Sin oscar
Sidney Howard,1891,"['Lo que el viento se llevó', 'Desengaño', 'El doctor Arrowsmith', 'Raffles']",['Guion'],Ganó 1 premio Óscar
Joanna Howden,No data,"['Lost Diagnosis', 'Franky', 'Student', 'Corto']",['Reparto'],Sin oscar
Vardhan Thirthahalli,No data,"['Ugravatara', '2019', '5,2']",['Reparto'],Sin oscar
Daphne Ampire,No data,"['Bed of Thorns', 'N.S.I.W.E', '7,7', 'Anenda']","['Reparto', 'Guion', 'Casting']",Sin Oscar
Maria Minulina,No data,"['Ma sacrée jeunesse', 'Corto']",['Reparto'],Sin oscar
Ron Gilbert,No data,[''],"['Reparto', 'Producción', 'Casting']",Más en IMDbPro
Jose Diaz,No data,[''],"['Reparto', 'Producción', 'Especialistas']",Sin oscar
Adam Dietrich,No data,[''],"['Reparto', 'Producción', 'Diseño de producción']",Más en IMDbPro
Craig Mungavin,No data,"['Laurence', 'Ovid, New York', 'Corto', 'Corto de TV']",['Reparto'],Sin oscar
Ermin Bravo,1979,[''],"['Reparto', 'Equipos adicionales', 'Dirección']",Sin Oscar
Branko Djuric,1962,[''],"['Dirección', 'Reparto', 'Guion']",Sin Oscar
Ksenija Marinkovic,1966,[''],['Reparto'],Sin Oscar
Stanislawa Celinska,1947,[''],"['Reparto', 'Banda sonora']",Sin Oscar
Geraldine Ejiogu,No data,"['Ritual of Vengeance', 'Mrs. Moris', '2013']",['Reparto'],Sin oscar
Tracy Campbell,No data,[''],"['Reparto', 'Producción', 'Guion']",Más en IMDbPro
Vítor Norte,1951,[''],"['Reparto', 'Guion']",Sin Oscar
Stephen McKinley Henderson,1949,[''],['Reparto'],Sin Oscar
Dave Bautista,1969,[''],"['Reparto', 'Producción', 'Equipos adicionales']",Sin Oscar
Srujan Lokesh,No data,"['Majaa Talkies', '2015 • 2 episodios', '8,0', '5,6']","['Reparto', 'Dirección', 'Guion']",Sin oscar
Laura Ann Parry,No data,[''],"['Reparto', 'Producción']",Más en IMDbPro
Sean Gunn,1974,[''],"['Reparto', 'Guion', 'Producción']",Sin Oscar
Derek Michalak,No data,[''],"['Reparto', 'Producción', 'Equipos adicionales']",Más en IMDbPro
Jeanne T. Arrigo,No data,[''],['Reparto'],Más en IMDbPro
Brandon Lumbly,1988,"['We Are Not Lovers', '1 Night in San Diego', 'Closer to God', 'Still Hungry']","['Reparto', 'Producción', 'Dirección de fotografía y cámara']",Sin oscar
Amy Baklini,No data,[''],"['Reparto', 'Producción', 'Guion']",Más en IMDbPro
Fredrik Wagner,1980,[''],"['Reparto', 'Producción', 'Casting']",Sin oscar
Pascal Scott,No data,"['Grabbers', 'Killinaskully', '2003–2008 • 34 episodios', '2008', '2003']",['Reparto'],Sin oscar
Chris Ryan,1972,"['From the Dark', 'Assassination Classroom', '2015–2016 • 47 episodios', 'AcquaAdditional Voices(English version, voz)', 'Serie de TV']",['Reparto'],Sin oscar
Naomi Watts,1968,[''],"['Reparto', 'Producción', 'Banda sonora']",Nominado para 2 premios Óscar
Daniel Martin Berkey,No data,"['The Last Visit', '2017', '2013', '2015', '2011']","['Reparto', 'Guion', 'Producción']",Sin Oscar
Manuel Porto,1945,"['Habana, Havana', 'La vida en rosa', 'Caravana', 'Omertá']",['Reparto'],Sin Oscar
Hubli Hudug Abhay Veer,No data,"['Keerthigobba', 'Reparto']",['Reparto'],Sin oscar
Suzanne Ziad,No data,[''],"['Reparto', 'Producción']",Sin oscar
Jeffrey Bowyer-Chapman,1984,[''],['Reparto'],Sin Oscar
Cassandra Lee,abril,[''],"['Reparto', 'Sonido', 'Equipos adicionales']",Sin Oscar
Sanchari Vijay,1983,"['Naanu Avanalla... Avalu', 'Killing Veerappan', 'Gentleman', '6ne Maili']","['Reparto', 'Música']",Sin Oscar
Larry Clarke,1964,[''],"['Reparto', 'Guion', 'Dirección']",Sin oscar
Paula Merrett,No data,['Code 0044'],['Reparto'],Sin oscar
Sathish Rudra,No data,['Yashogathe'],['Reparto'],Sin oscar
Teri Polo,1969,[''],['Reparto'],Sin Oscar
Jayraj Nayar,No data,"['Aart', '6,7']",['Reparto'],Sin oscar
Lawrence Pritam,No data,['Bablusha'],['Reparto'],Sin oscar
Shilajit Majumdar,1965,[''],"['Reparto', 'Música', 'Composición']",Sin oscar
Mark Haney,1967,[''],"['Equipos adicionales', 'Dirección de la segunda unidad o asistencia a dirección', 'Dirección']",Sin oscar
Burak Haktanir,No data,"['Serhat', '2023 • 9 episodios', 'Ekrem', 'Reparto', 'Serie de TV']",['Reparto'],Sin oscar
Tom Guiry,1981,[''],['Reparto'],Sin Oscar
Achyuth Kumar,1966,[''],['Reparto'],Sin Oscar
Marika Soposká,1989,[''],"['Reparto', 'Banda sonora']",Sin oscar
Jeff Grace,No data,[''],"['Reparto', 'Producción', 'Guion']",Más en IMDbPro
Simon Antony Lee,No data,['Glamour Dolls'],['Reparto'],Sin oscar
Antonio Gozat,No data,"['Ladrón de Corazones', '2003 • 30 episodios', 'El señor de los cerros', '1,2']",['Reparto'],Sin oscar
Titus De Voogdt,1979,[''],"['Reparto', 'Cámara y electricidad']",Sin Oscar
Greg Fields,1955,"['Regreso a la escuela', 'In Living Color', '1991–1994 • 98 episodios', 'Guion', 'Serie de TV']","['Guion', 'Producción', 'Equipos adicionales']",Nominado para 3 premios Primetime Emmy
Michael Konik,No data,[''],"['Reparto', 'Guion']",Sin oscar
Rex Lee,1969,[''],"['Reparto', 'Guion', 'Dirección de casting']",Sin Oscar
Byron Gibson,No data,[''],"['Reparto', 'Especialistas', 'Producción']",Más en IMDbPro
Nicole Onnela,No data,"['Juhannustyttö', '6,2', 'Juhannusjuna', '2012']",['Reparto'],Sin oscar
Sebastian Tiede,No data,"['Rockabilly Requiem', 'Der erste Stein']","['Reparto', 'Banda sonora']",Sin oscar
Jasna Djuricic,1966,[''],['Reparto'],Sin Oscar
Shuai Ren,No data,[''],['Reparto'],Sin Oscar
Natalia Segura,No data,[''],['Reparto'],Más en IMDbPro
Janine Saunders,No data,[''],No data,Sin oscar
Pamela Bowie,No data,"['Mars Met Venus (Part Cewe)', 'Mars and Venus (Collabs Version)', '8,3', '9,7']",['Reparto'],Sin oscar
Harshita Chitralaya Srinvas,No data,['Mandyada Hudugaru'],"['Dirección', 'Reparto', 'Producción']",Sin oscar
Maisha Diatta,No data,"['Odd Thomas, cazador de fantasmas', ""Voyage of Time: Life's Journey"", 'Voyage of Time: The IMAX Experience']",['Reparto'],Sin oscar
Yutaka Takeuchi,No data,[''],"['Reparto', 'Producción', 'Equipos adicionales']",Más en IMDbPro
Sanjay Shivan,No data,['Prakruthiya Madilu Banavasi'],['Reparto'],Sin oscar
Gabriella Wright,1982,[''],"['Reparto', 'Producción', 'Guion']",Sin oscar
Anita Richter,No data,"['Nowhere', 'Diner', 'Carol', '2012']",['Reparto'],Sin oscar
BreAnne DuCote,No data,['Happy Log'],['Reparto'],Sin oscar
Craig Edwards,1993,[''],"['Reparto', 'Producción', 'Dirección']",Sin oscar
Sarah Crowder,No data,"['Crossing the Wake', '5,0', 'Undressed', '1999', 'Georgia']","['Reparto', 'Equipos adicionales']",Más en IMDbPro
Rahul Somanna,No data,"['Joker Joker', 'Raja', '2016', '2020']",['Reparto'],Sin oscar
Andrew Ryan,No data,[''],"['Reparto', 'Producción', 'Guion']",Sin Oscar
Rey Bong,No data,"['Dari Jendela SMP', '2020 • 778 episodios', '2020', 'Kenan Aditya', 'Jun']",['Reparto'],Sin Oscar
Jonah Beres,No data,[''],['Reparto'],Más en IMDbPro
Max Laferriere,No data,[''],"['Reparto', 'Especialistas', 'Producción']",Más en IMDbPro
Charlie Boorer,No data,['Tales of Albion'],['Reparto'],Sin oscar
Alden Ehrenreich,1989,[''],"['Reparto', 'Dirección', 'Guion']",Sin Oscar
Zulfu,1946,"['Sis', 'Yer Demir Gök Bakir', 'Mutluluk', 'Veda']","['Composición', 'Guion', 'Dirección']",Sin Oscar
Jeffrey DeMunn,1947,[''],['Reparto'],Nominado para 1 premio Primetime Emmy
Gerold Wunstel,No data,[''],"['Reparto', 'Guion', 'Producción']",Más en IMDbPro
Héléna Rosenstein,No data,"['Les Caprices', 'Winifred Jones', 'Je suis un coeur à recoudre']","['Reparto', 'Decoración', 'Guion']",Sin oscar
Corrin Evans,No data,[''],"['Dirección', 'Guion', 'Equipos adicionales']",Más en IMDbPro
Jeroen Krabbé,1944,[''],"['Reparto', 'Dirección', 'Producción']",Sin Oscar
Amanda Markowitz,No data,[''],"['Reparto', 'Producción']",Más en IMDbPro
Sherry Watson,No data,"['Los rompecorazones', '2022 • 9 episodios', '2024 • 1 episodio']",['Reparto'],Sin oscar
Eric Bell,No data,[''],['Reparto'],Más en IMDbPro
Scarlet O'Connor,No data,['Reception'],['Reparto'],Sin oscar
Sarah Seeds,No data,[''],"['Reparto', 'Producción', 'Guion']",Más en IMDbPro
Dennis Grinar,No data,"['Nailed Down', 'The Last Temptation of Fluffy', 'Girl Number Three', 'Roshambo']","['Reparto', 'Dirección de la segunda unidad o asistencia a dirección', 'Producción']",Sin oscar
Toby Wallace,1995,[''],['Reparto'],Sin Oscar
Ádám Fekete,1991,[''],"['Guion', 'Reparto']",Sin Oscar
Annameka Andrade,No data,"['Summer Night, Winter Moon', 'Geraldine(as Annameka Porter-Sinclair)', 'News Reporter(as Annameka Porter-Sinclair)', 'Nurse(as Annameka Porter-Sinclair)']","['Reparto', 'Producción']",Sin oscar
Devin Finch,No data,['Jurassic Thunder'],['Reparto'],Sin oscar
Rockline Venkatesh,1963,"['Bajrangi Bhaijaan', 'Ajay', 'Aatagadharaa Siva', 'Kotigobba 2']","['Producción', 'Reparto', 'Equipos adicionales']",Sin Oscar
Adam Thomas Wright,No data,[''],"['Reparto', 'Dirección', 'Guion']",Más en IMDbPro
Saumya Liyanage,No data,"['Aswesuma', 'Me mage sandai', 'Walapatala', '5,3']",['Reparto'],Sin oscar
Kathie Lindstadt,No data,"['Available', ""Granny's House"", 'Alone']",['Reparto'],Sin oscar
Logan Huffman,1989,[''],"['Reparto', 'Guion', 'Producción']",Sin oscar
Bryan G. Thompson,No data,[''],"['Reparto', 'Producción', 'Guion']",Más en IMDbPro
Avinash,1985,"['Killa', 'Paatal Lok', '2020 • 9 episodios', '2015', '2015']","['Dirección de fotografía y cámara', 'Dirección', 'Guion']",Sin Oscar
Jack Huston,1982,[''],"['Reparto', 'Banda sonora']",Sin Oscar
Omar Knight,No data,"['Falling Awake', 'The Children of Hip Hop', '4,5', 'Corto']",['Reparto'],Sin oscar
Raachit Kothari,No data,['Chhupam Chhaai'],['Reparto'],Sin oscar
Thibul Nettle,No data,[''],"['Reparto', 'Guion', 'Producción']",Más en IMDbPro
Timothy V. Murphy,1960,[''],"['Reparto', 'Producción']",Sin oscar
Keith Hottinger,No data,[''],"['Reparto', 'Guion']",Más en IMDbPro
Andrzej Walden,1949,"['El pianista', 'Antygona', 'Spies of Warsaw', '2013 • 1 episodio', 'Customer at the bank']",['Reparto'],Sin oscar
Robert Paziora Sr.,No data,"['Celebrity Talk: With Liam Kelly & Joe Polito', 'Day of Salvation']","['Cámara y electricidad', 'Reparto']",Sin oscar
Adrian Bailey,No data,"['The Kings of Brooklyn', 'La policía montada de Nueva York', '1991', 'Sophisticated Gentleman', 'Película de TV']",['Reparto'],Sin oscar
Mariana V. Goulart,No data,['Pequeño secreto'],['Reparto'],Sin oscar
Tatanka Means,1985,[''],"['Reparto', 'Especialistas', 'Equipos adicionales']",Sin Oscar
Kavya Gowda,No data,"['Buckasura', 'MBA', 'Reparto', 'Reparto']",['Reparto'],Sin oscar
Ivana V. Jovanovic,1973,"['Kljun', '2021 • 9 episodios', '2015', '2008', '2016']",['Reparto'],Sin oscar
Taja V. Simpson,1978,[''],"['Reparto', 'Dirección', 'Producción']",Sin oscar
Rezeda Gabdrahmanova,No data,['A Heart of Mother'],['Reparto'],Sin oscar
Bulat Asylov,No data,['A Heart of Mother'],['Reparto'],Sin oscar
Oddman Emeka Aneke,No data,"['Stalker', 'Dorathy', 'Reparto', 'Elderly Man']",['Reparto'],Sin oscar
Wouter Bruneel,No data,"['Zuidflank', '2013 • 12 episodios', '2018', 'Gunther', 'Serie de TV']","['Reparto', 'Animación']",Sin oscar
Prakash Bare,No data,[''],"['Reparto', 'Producción', 'Dirección de la segunda unidad o asistencia a dirección']",Más en IMDbPro
Lorne Maleka,No data,['Year After Year'],['Reparto'],Sin oscar
Jytte Kvinesdal,1953,"['La caza', 'Morten Korch - Ved stillebækken', '1999–2000 • 19 episodios', '2010', ""Head of Department (Loeb's Boss)""]",['Reparto'],Sin oscar
Gamya,No data,"['U Turn', '1970 Love Story', 'Reparto', 'Gamya']",['Reparto'],Sin oscar
Nacho D'Onofrio,No data,"['Corazones en Llamas 3', 'Walter Pilo', '2016']","['Reparto', 'Casting', 'Producción']",Sin oscar
Darunee Srimueng,No data,"['Asia Connection', 'Contrición']",['Reparto'],Sin oscar
Josh Evans,1971,[''],"['Dirección', 'Reparto', 'Guion']",Sin Oscar
Tasya Medina,No data,"['Jilbab Traveler: Love Sparks in Korea', 'Surga Yang Tak Dirindukan 2', 'Hijab']","['Reparto', 'Vestuario']",Sin oscar
Gregor Manns,septiembre,[''],"['Reparto', 'Producción', 'Guion']",Sin oscar
Anna Strelkov,No data,['Diré tu nombre'],['Reparto'],Sin oscar
Lynn Collins,1977,[''],['Reparto'],Sin Oscar
Neel Sethi,2003,[''],"['Reparto', 'Banda sonora']",Sin Oscar
Ana Corbi,No data,[''],"['Reparto', 'Dirección de casting', 'Casting']",Más en IMDbPro
Shantala Bhandi,No data,['Bablusha'],['Reparto'],Sin oscar
Hayden Szeto,septiembre,[''],"['Reparto', 'Sonido', 'Equipos adicionales']",Sin Oscar
Thodoros Katsafados,No data,"['Kathartirio', '10i entoli', '2007 • 6 episodios', 'Petros Kontomaris', 'Serie de TV']",['Reparto'],Más en IMDbPro
Miranda Abdelnour,No data,"['Devuélveme La Vida', 'El silencio de Verónica', 'The Cure', 'Reflection']",['Reparto'],Sin oscar
Hai Bin Weng,No data,['The Racoon'],['Reparto'],Sin oscar
Alexandra Turshen,1986,[''],"['Reparto', 'Dirección', 'Producción']",Sin Oscar
Ronald Guttman,1952,[''],"['Reparto', 'Producción']",Sin oscar
Lakshmi Hegde,No data,"['Bellary Naga', 'Mr. Garagasa', 'Kavacha', 'Janumada Gelathi']",['Reparto'],Sin oscar
Anna Kalaitzidou,No data,[''],['Reparto'],Más en IMDbPro
Emilie Piponnier,No data,[''],['Reparto'],Más en IMDbPro
Eakkapat Wanisvisispong,No data,['The Rain Stories'],['Reparto'],Sin oscar
Honnavalli Krishna,No data,"['Babruvahana', 'Anand', 'Ravichandra', 'Guri']","['Reparto', 'Dirección de la segunda unidad o asistencia a dirección']",Sin oscar
Anthony Rapp,1971,[''],"['Reparto', 'Producción', 'Dirección']",Sin Oscar
Bhasupathi Ra,No data,['Endru Thaniyum'],['Reparto'],Sin oscar
Sofia Maruci,No data,"['Ana quer ser uma grande atriz', 'O caso Dora']",['Reparto'],Sin Oscar
Blue Demon Jr.,No data,[''],"['Reparto', 'Producción', 'Equipo ejecutivo']",Más en IMDbPro
June Brown,1927,[''],"['Reparto', 'Equipos adicionales', 'Banda sonora']",Nominado a 1 premio BAFTA
Ivana Vukovic,1987,"['Kljun', '2021 • 10 episodios', 'Jana', 'Andjela', 'Sanja']","['Reparto', 'Guion']",Sin Oscar
John Leguizamo,1960,[''],"['Reparto', 'Producción', 'Guion']",Ganó 1 premio Primetime Emmy
Koen De Bouw,1964,[''],['Reparto'],Sin Oscar
Caled Itietie,No data,['Dark Spotlight'],['Reparto'],Sin oscar
Zahn McClarnon,1966,[''],"['Reparto', 'Producción', 'Equipos adicionales']",Sin Oscar
Edin Alexander,No data,['Kallathoni'],['Reparto'],Sin oscar
Jordi Mollà,1968,[''],"['Reparto', 'Guion', 'Dirección']",Sin Oscar
Kova Tilavpur,1993,"['A propósito de Elly', 'Madar', 'Super Kelinchak', 'Sarvinoz']","['Reparto', 'Música', 'Guion']",Sin oscar
Debraj Guchhait,No data,"['Agantuk', 'Corto']","['Reparto', 'Producción']",Sin oscar
Felix Roco,1989,[''],"['Reparto', 'Guion']",Sin Oscar
Hill Harper,1966,[''],"['Reparto', 'Producción', 'Guion']",Sin Oscar
Derek Krantz,No data,[''],"['Reparto', 'Producción', 'Dirección de fotografía y cámara']",Sin oscar
Alicia Vikander,1988,[''],"['Reparto', 'Producción', 'Banda sonora']",Ganó 1 premio Óscar
Dominic Mafham,1968,[''],['Reparto'],Sin Oscar
Kevin Anton,No data,No data,No data,Sin oscar
Viktor Åkerblom,1981,[''],"['Reparto', 'Producción']",Sin Oscar
Harutyun Movsisyan,No data,[''],['Reparto'],Más en IMDbPro
Paulin Jaccoud,No data,"['Mi Nombre es Calabacín', 'New Queer Visions: The Last Days of Innocence', 'La petite chambre', 'Boomerang']",['Reparto'],Sin oscar
Mysore Ramanand,No data,"['Hendtheer Darbar', 'Mandakini', 'Reparto', '1998']",['Reparto'],Sin oscar
Nandini Rao,No data,"['Spirit of the Forest', 'Contes de printemps', 'London Life', 'Image']","['Dirección', 'Guion', 'Producción']",Más en IMDbPro
Victoria Mulhall,No data,['Eden'],['Reparto'],Sin oscar
Benjamin Slade,No data,"['Hedda Gabler', 'Four Rooms', '2019 • 1 episodio']","['Reparto', 'Producción']",Sin oscar
Richard Lawton,No data,"['Friendship Love and Loyalty', '9,8', 'Six Pack', 'The Killing']",['Reparto'],Sin oscar
Augusto Fornari,1969,"['A Roma con amor', 'Las mil y una noches: Aladino y Scherezade', '2012 • 2 episodios', 'Augusto Toscani', 'Guion']","['Reparto', 'Guion', 'Dirección']",Sin oscar
Chetan Raj,No data,['NH 37'],['Reparto'],Sin oscar
Richard Cunningham,No data,[''],['Reparto'],Más en IMDbPro
Medgie Desir,No data,"['Blowtorch', 'The Slap', '2015 • 1 episodio', '2016 • 2 episodios', '2016']",['Reparto'],Sin oscar
Piankhi Iknaton,No data,"['The Guitar', '2017', '2021', 'Jesus Expert', 'Corto']","['Reparto', 'Decoración', 'Dirección de la segunda unidad o asistencia a dirección']",Sin Oscar
Jon Arthur,No data,[''],"['Reparto', 'Especialistas']",Más en IMDbPro
Marin Ireland,agosto,[''],"['Reparto', 'Banda sonora']",Sin Oscar
Humberto Castro,1984,[''],"['Reparto', 'Producción', 'Guion']",Sin Oscar
David Atwood,No data,"['The French Chef', '1962–1973 • 147 episodios', '1986', 'Dirección o asistencia de la segunda unidad(video display)', 'Serie de TV']","['Dirección', 'Dirección de la segunda unidad o asistencia a dirección']",Sin oscar
John Prudhont,1967,[''],"['Reparto', 'Producción', 'Equipos adicionales']",Sin oscar
Shelly Skandrani,No data,[''],"['Reparto', 'Guion', 'Dirección']",Más en IMDbPro
Michael Panes,1963,[''],"['Reparto', 'Producción', 'Guion']",Sin Oscar
Mike Snavely,No data,"['Drugs & Other Love', 'Wonders Without Number', 'Creation in the 21st Century', '2014–2018 • 18 episodios']",['Reparto'],Sin oscar
Vinnie Curto,No data,[''],"['Reparto', 'Producción', 'Guion']",Sin oscar
Julia Lashae,julio,[''],['Reparto'],Sin oscar
Beau Sia,1976,[''],"['Reparto', 'Guion']",Sin oscar
Claire Ganshert,No data,"['All, Alone', 'Serie de TV', '7,2', 'Sixty Miles North']","['Reparto', 'Guion', 'Casting']",Sin oscar
Cornell Reid Girczyc-Blum,No data,"['Drugs & Other Love', 'The Eric Andre Show', '2023 • 1 episodio', '2016', '2014']","['Reparto', 'Equipos adicionales', 'Guion']",Sin oscar
Charlotte Le Bon,1986,[''],"['Reparto', 'Dirección', 'Guion']",Sin Oscar
Chris Cobb,1978,[''],"['Producción', 'Guion', 'Dirección']",Sin oscar
Elijah Malone,No data,['Nailed Down'],['Reparto'],Sin oscar
Frank Prendergast,No data,"['The Secret of Eel Island', '2005–2007 • 10 episodios', '2000', '1995 • 3 episodios']","['Dirección', 'Guion', 'Edición']",Sin oscar
Pierce Peter Brandt,No data,No data,No data,Sin oscar
Karon Riley,No data,[''],"['Reparto', 'Producción', 'Dirección']",Más en IMDbPro
Adrian Ladron,No data,[''],"['Reparto', 'Producción']",Más en IMDbPro
Nhem Sokunthol,No data,"['The Road to Freedom: Year Zero', 'The Road to Freedom', 'The Making of The Road to Freedom']",['Reparto'],Sin oscar
Brigitte Rosset,No data,"['Mi Nombre es Calabacín', 'La traductrice', 'Pauline grandeur nature', 'Suzanne']",['Reparto'],Sin oscar
Lola Kirke,septiembre,[''],"['Reparto', 'Producción', 'Dirección']",Sin Oscar
James Kyson,diciembre,[''],"['Reparto', 'Producción', 'Guion']",Sin Oscar
Jason Sudeikis,1975,[''],"['Reparto', 'Guion', 'Producción']",Ganó 4 premios Primetime Emmy
Christine Yen,No data,"['Auto-Reverse', ""Reparto(as Christine Ma'a Yen)"", '2019']","['Reparto', 'Guion y continuidad']",Sin oscar
Dinesh Lal Yadav,1979,[''],"['Reparto', 'Música', 'Producción']",Sin Oscar
Chris Mulkey,1948,[''],"['Reparto', 'Producción', 'Guion']",Sin Oscar
Kang-Seob Park,No data,"['Chungchungirok', '2020 • 6 episodios', '2021', '2017', '2016']",['Reparto'],Sin oscar
Hai Yu,1942,[''],"['Reparto', 'Especialistas']",Sin oscar
Walt Sloan,1948,[''],"['Reparto', 'Producción', 'Guion']",Sin oscar
Rob Zabrecky,1968,[''],"['Reparto', 'Producción', 'Edición']",Sin oscar
Bahram Radan,1979,[''],"['Reparto', 'Producción']",Sin Oscar
Matt Oxley,No data,[''],"['Reparto', 'Edición']",Más en IMDbPro
Meghana Subbiah,No data,['Brahma Vishnu Maheshwara'],['Reparto'],Sin oscar
Katherine Mallen Kupferer,No data,[''],['Reparto'],Más en IMDbPro
Praveen Tej,No data,[''],['Reparto'],Sin oscar
Johnny Alspaugh,1987,"['Molly Mayor', 'Battle Hero Absolute', '2010–2011 • 3 episodios', '2015', '2009']","['Reparto', 'Cámara y electricidad', 'Guion']",Sin oscar
Jasmine Lemée,No data,"['Paul à Québec', 'Pays', 'Le mirage', 'Mon cirque à moi']",['Reparto'],Más en IMDbPro
Jen McPherson,No data,[''],['Reparto'],Más en IMDbPro
Mariano Silvapobas,No data,['Volviendo a Casa'],['Reparto'],Sin oscar
Ramya Barna,No data,[''],['Reparto'],Más en IMDbPro
Josh Braaten,1977,[''],['Reparto'],Sin oscar
Anne Clare Lush,No data,"['Fate', 'Game Theory', '8,1', '5,1']","['Reparto', 'Especialistas']",Sin oscar
Jessica Greco,1980,[''],"['Reparto', 'Producción', 'Guion']",Sin Oscar
Timothy Landfield,1950,[''],['Reparto'],Sin oscar
Xavier Guichard,No data,['Diré tu nombre'],['Reparto'],Sin oscar
Les Mahoney,No data,[''],"['Reparto', 'Guion', 'Producción']",Más en IMDbPro
Suchendra Prasad,No data,"['Brahma', 'Kempe Gowda 2', 'Manasmita', '6,9']",['Reparto'],Más en IMDbPro
Behroz Babanezhad,No data,"['Ezdevaj-e Janjali', 'Divar-e Atash', '1,8', '1,8']",['Reparto'],Sin oscar
Stuart Foran,No data,"['Eden', ""Joey's Christmas"", '1994']",['Reparto'],Sin oscar
Cláudia Barbosa,No data,"['Mar Salgado', '2014', '2016', 'Reparto', 'Turista Francesa']","['Reparto', 'Maquillaje']",Sin oscar
Marjorie Conrad,No data,[''],"['Producción', 'Dirección', 'Guion']",Más en IMDbPro
Eduardo Von Sternenfels,No data,"['Beyond What Remains', 'Boricua']",['Reparto'],Sin oscar
Sue-Lynn,No data,[''],"['Reparto', 'Equipos adicionales', 'Especialistas']",Más en IMDbPro
Heidi Engel,No data,['Driving Nowhere'],"['Reparto', 'Arte', 'Vestuario']",Sin oscar
Dilipsinh Chauhan,No data,"['Always Rahishu Saathe', 'Reparto', 'Reparto']",['Reparto'],Sin oscar
Camila de Santos,No data,"['Closet Nightmares', 'Let There Be Zombies', 'Meanwhile in a Bathroom at a Funeral', 'The Benchwarmer']","['Reparto', 'Dirección', 'Guion']",Más en IMDbPro
Shelby Lyon,2000,[''],['Reparto'],Sin Oscar
Tadeusz Wojtych,1931,[''],['Reparto'],Sin oscar
Elena Glazkova,No data,"['Andersen. Zhizn bez lyubvi', 'Reyting', 'Katerina', 'Reparto']",['Reparto'],Más en IMDbPro
Destanie Reyna,No data,"['The Rally-LA', 'The Rally', 'Words!']","['Reparto', 'Producción', 'Guion y continuidad']",Sin oscar
Sarra Hannachi,No data,"['Guirra', 'Bidoun 2', 'Khoussouf', 'Toefl Al-Shams']",['Reparto'],Más en IMDbPro
Vlado Kerosevic,1955,"['Svetozar Markovic', '1981 • 3 episodios', '1979', 'Banjac Maruskin', 'Heimleiter']",['Reparto'],Sin oscar
Kati Outinen,1961,[''],"['Reparto', 'Guion']",Sin Oscar
Joel Higgins,1943,[''],"['Reparto', 'Dirección', 'Banda sonora']",Sin oscar
Sabina Bacino,No data,[''],['Reparto'],Más en IMDbPro
Jonathan Bravo,No data,['No Me Mandes a Mi'],['Dirección de la segunda unidad o asistencia a dirección'],Sin oscar
George Hamilton,1939,[''],"['Reparto', 'Producción', 'Banda sonora']",Nominado a 2 premios BAFTA
Gabby Kono,No data,[''],"['Reparto', 'Producción', 'Diseño de vestuario']",Más en IMDbPro
Krishan Bhardwaj,No data,"['Dil Ki Chahat', 'Pyar Daa Sandesh']","['Reparto', 'Producción']",Sin oscar
Lindsey Broad,agosto,[''],['Reparto'],Sin oscar
David Alexander,1987,[''],"['Reparto', 'Producción', 'Banda sonora']",Sin Oscar
Darío T. Pie,No data,"['Asesino en serio', 'La 4ª Compañía', '12 Rounds', 'Ajos y cebollas']","['Reparto', 'Dirección', 'Maquillaje']",Sin Oscar
Rab Affleck,1953,[''],['Reparto'],Sin oscar
Laura Back,No data,"['Living Lost', 'Journal']",['Reparto'],Sin oscar
André Hennicke,1958,[''],"['Reparto', 'Guion', 'Producción']",Sin Oscar
Vullnet Cerkezi,No data,['Fluefangeren'],['Reparto'],Sin oscar
William Hurt,1950,[''],"['Reparto', 'Producción']",Ganó 1 premio Óscar
Mike Adiachi,No data,['Echoes of Love'],['Reparto'],Sin oscar
Heather Brittain,No data,[''],"['Reparto', 'Producción', 'Guion']",Más en IMDbPro
Michael X. Sommers,No data,[''],"['Reparto', 'Equipos adicionales']",Más en IMDbPro
Motamma,No data,['Jagruthi'],['Reparto'],Sin oscar
David Cross,1964,[''],"['Reparto', 'Guion', 'Producción']",Ganó 1 premio Primetime Emmy
Jeremy Sumpter,1989,[''],"['Reparto', 'Producción', 'Cámara y electricidad']",Sin Oscar
Isaac C. Singleton Jr.,No data,[''],"['Reparto', 'Producción', 'Guion']",Más en IMDbPro
Paoli Dam,1980,[''],"['Reparto', 'Música']",Sin Oscar
Michele Dematos,No data,['Rumble in Lüdenscheid'],['Reparto'],Sin oscar
Mark Frost,1968,[''],['Reparto'],Sin oscar
Madhurima Das,No data,"[""Tagore's Natir Puja: The Court Dancer""]",No data,Sin oscar
Abigail Rose Cornell,No data,[''],['Reparto'],Más en IMDbPro
Johnny Walter,No data,[''],"['Reparto', 'Producción', 'Equipos adicionales']",Más en IMDbPro
Ella Joyce,1954,[''],"['Reparto', 'Producción']",Sin oscar
Jovan Adepo,1988,[''],"['Reparto', 'Banda sonora']",Nominado para 1 premio Primetime Emmy
Suteara Vaughn,No data,[''],"['Reparto', 'Producción', 'Casting']",Más en IMDbPro
John Hurt,1940,[''],"['Reparto', 'Banda sonora']",Nominado para 2 premios Óscar
Evan Louison,No data,[''],"['Guion', 'Música', 'Composición']",Más en IMDbPro
Jesse Dabson,1961,"['Un paso en falso', 'Those the River Keeps - The Film', '5,4', '8,2']","['Reparto', 'Producción']",Sin oscar
Denise Chershire Pearlman,No data,"['Jack Frost', 'Amazing Ape']","['Reparto', 'Especialistas', 'Equipos adicionales']",Sin oscar
Ayub Khan,1961,[''],"['Reparto', 'Guion', 'Producción']",Nominado a 2 premios BAFTA
Callan McAuliffe,1995,[''],"['Reparto', 'Banda sonora']",Sin Oscar
Judi Dench,1934,[''],"['Reparto', 'Música', 'Dirección']",Ganó 1 premio Óscar
Santiago Tupper,1984,"['Vuelve Temprano', '2014 • 110 episodios', 'Mikel Muñoz', 'Miniserie de TV', 'Serie de TV']",['Reparto'],Sin oscar
Saniyya Sidney,2006,[''],"['Reparto', 'Equipos adicionales', 'Banda sonora']",Sin Oscar
Jonathan Bennett,1981,[''],"['Reparto', 'Producción', 'Dirección']",Sin Oscar
Jeneta St. Clair,No data,[''],"['Reparto', 'Dirección', 'Casting']",Más en IMDbPro
LaMonica Garrett,1975,[''],"['Reparto', 'Producción']",Sin Oscar
Jacob Reardon,No data,[''],"['Efectos visuales', 'Reparto', 'Cámara y electricidad']",Más en IMDbPro
Rodrigo Vanegas,No data,['Leviatan'],['Reparto'],Sin oscar
Valentina Arnold,No data,"['Beautiful Prison', 'Collusion', 'Blind Sided', 'Oblivion']",['Reparto'],Sin oscar
Chiara Dickson,No data,['Onus'],['Reparto'],Sin oscar
Adam Herschman,No data,[''],['Reparto'],Más en IMDbPro
Zarina Nizomiddinova,No data,"['Parizod', ""Qorako'z"", 'Reparto', '2011']",['Reparto'],Sin oscar
Serafín García,No data,"['Tinañgay na Apoy', 'Reparto', '1946']",['Reparto'],Sin oscar
Kristian Truelsen,1954,[''],['Reparto'],Sin oscar
Rage,1960,[''],"['Reparto', 'Guion', 'Composición']",Sin Oscar
Patrick Wagner,No data,"['Victory Day', 'Leben aus dem All', '2021 • 1 episodio', 'Animación', 'Serie de TV']","['Animación', 'Efectos visuales', 'Arte']",Sin oscar
Manou Kersting,1962,[''],"['Reparto', 'Dirección']",Sin Oscar
Paloma Guzmán,1984,[''],['Reparto'],Sin oscar
Kyra Sedgwick,1965,[''],"['Reparto', 'Producción', 'Dirección']",Ganó 1 premio Primetime Emmy
Angélica Aragón,1953,[''],"['Reparto', 'Banda sonora']",Sin Oscar
Christopher Jacot,junio,[''],"['Reparto', 'Banda sonora']",Sin oscar
Dheeraj Surya,No data,['1980'],['Reparto'],Sin oscar
Thomas Eickhoff,1969,"['En el lugar del crimen', '2015–2022 • 3 episodios', '2016', '2016', '2013']",['Reparto'],Sin oscar
Johnny Brady,1981,[''],"['Reparto', 'Guion', 'Producción']",Sin Oscar
Credo Eguenin,No data,['Ironie fatale'],"['Reparto', 'Vestuario']",Sin oscar
Suzanne Cryer,1967,[''],['Reparto'],Sin oscar
Robert Simpson,1979,[''],"['Reparto', 'Equipos adicionales']",Sin oscar
Francisco Ortiz,No data,[''],['Reparto'],Sin oscar
Pavle Eric,No data,"['Diario de un maquinista', 'Dnevnik masinovodje', '2016 • 1 episodio']",['Reparto'],Sin oscar
Nadine Kadey,No data,"['El corazón salvaje', ""Somebody's Mother"", 'This Is National Wake', 'Niemand weint für immer']","['Reparto', 'Dirección de fotografía y cámara', 'Producción']",Sin oscar
Sree Hari,No data,['Rasapuri'],['Reparto'],Sin oscar
Sara Vertongen,1976,"['Le Ciel Flamand', 'El jurado', '2019 • 7 episodios', 'Sara Vroomans', 'Evelien']",['Reparto'],Sin Oscar
P. Ravi Shankar,1966,"['Baahubali: The Beginning', 'Kempe Gowda', 'Race Gurram', 'Baahubali 2, la conclusión']","['Reparto', 'Equipos adicionales', 'Guion']",Sin Oscar
Homero Sáker,No data,"['Lucas como Sara', 'Miguel']",['Reparto'],Sin oscar
Agnes de Mille,1905,[''],"['Equipos adicionales', 'Reparto', 'Música']",Nominado para 1 premio Primetime Emmy
Nora Medina Chávez,No data,['Beyond What Remains'],['Reparto'],Sin Oscar
Mary Czerwinski,No data,[''],"['Reparto', 'Equipos adicionales', 'Guion']",Sin oscar
Karl E. Landler,marzo,[''],"['Reparto', 'Producción', 'Especialistas']",Sin Oscar
Sriki Olavu,No data,"['Birth', 'Reparto']",['Reparto'],Sin oscar
Michael Hanson,No data,[''],"['Reparto', 'Guion', 'Producción']",Más en IMDbPro
Peyton Meyer,1998,[''],['Reparto'],Sin Oscar
Pooch Hall,1976,[''],"['Reparto', 'Producción']",Sin Oscar
Gary Wang,No data,"['Gatos', 'Los hermanos guardianes', 'Juguetes y mascotas', ""Chang'an san wan li""]","['Guion', 'Dirección']",Sin Oscar
Grainger Hines,agosto,[''],"['Reparto', 'Guion', 'Producción']",Sin Oscar
Susan Moore Harmon,No data,[''],"['Reparto', 'Dirección de producción']",Más en IMDbPro
Aaji Babu Khan,No data,['Ballari Darbar'],['Reparto'],Sin oscar
Consolate Siperius,1989,"[""La route d'Istanbul"", ""L'ennemi"", 'Keep Yourself Alive: Lovely Tale', 'Famille', '2019']",['Reparto'],Sin oscar
Jay Karnes,1963,[''],['Reparto'],Sin oscar
Sathyan,1912,[''],['Reparto'],Sin oscar
Mariya Sitdikova,No data,['A Heart of Mother'],['Reparto'],Sin oscar
Richard Gallegos,No data,"['Then Came Bronson', '1969 • 1 episodio']",['Reparto'],Sin oscar
Pamela Kahele,No data,"['Smosh', '2011 • 1 episodio', '2016', 'Emily']",['Reparto'],Sin oscar
Patrick Byrnes,No data,[''],['Reparto'],Más en IMDbPro
Tre Tureaud,1984,[''],"['Equipos adicionales', 'Reparto', 'Producción']",Sin Oscar
Jack Davenport,1973,[''],"['Reparto', 'Producción', 'Banda sonora']",Sin Oscar
Annie Rix,No data,[''],['Reparto'],Más en IMDbPro
Marquesha Babers,No data,[''],"['Reparto', 'Guion']",Más en IMDbPro
Carol Anne Watts,1987,"['Ant-Man', 'Redneck Roots', 'Chapel', 'Producción']","['Reparto', 'Producción', 'Dirección']",Sin Oscar
Amirhossein Davani,No data,"['Shanel', 'Numbness', 'Here One Does Not Die', 'Silver Trip']","['Diseño de producción', 'Reparto', 'Arte']",Sin oscar
Jack Barton,No data,[''],['Reparto'],Más en IMDbPro
Antonio Gil,No data,[''],"['Reparto', 'Dirección', 'Producción']",Más en IMDbPro
Fatih Sahin,2004,"['Aquel verano', 'Sarmasik Zamani', '2023 • 16 episodios', '2023', '(2021)']",['Reparto'],Sin oscar
Leah Cooper,No data,"['Cyberbully', '2015', 'Producción', 'Película de TV', '7,6']","['Producción', 'Equipos adicionales', 'Dirección de producción']",Nominado a 1 premio BAFTA
Vincent Verdi,No data,"['The 42nd Annual New York Emmy Awards', '1999', 'Cámara y electricidad', 'Serie de TV']","['Cámara y electricidad', 'Sonido', 'Arte']",Sin oscar
Renan Bleastè,1984,"['Maldita Lembrança', '2016', 'Chapeuzinho', 'Purgatório']","['Reparto', 'Dirección de fotografía y cámara', 'Sonido']",Sin oscar
Harlow Frances Rocca,No data,"['A Dark Foe', 'The Last Treasure Hunt', 'Are You Ready?']",['Reparto'],Sin Oscar
Khanh Hien,No data,"['Bàn Tay Máu', 'Ha Mây', 'Chi Vinh', 'Chi']",['Reparto'],Sin oscar
Christopher Denham,No data,[''],"['Reparto', 'Guion', 'Dirección']",Más en IMDbPro
Jason Mantzoukas,1972,[''],"['Reparto', 'Producción', 'Guion']",Sin Oscar
Irina Barinova,1982,"['El Secreto del Zohar', 'Domrabotnitsa', 'Idealist', '2019', 'Stella']",['Reparto'],Sin oscar
Kris Lemche,1978,[''],"['Reparto', 'Producción']",Sin Oscar
Merina,No data,[''],"['Cámara y electricidad', 'Dirección de fotografía y cámara', 'Reparto']",Sin oscar
Jeff Stewart,1955,[''],"['Reparto', 'Dirección', 'Guion']",Sin Oscar
Roger Brice Sobgo,No data,"['Un duo en duel', '4,4', '8,9', 'The King']","['Reparto', 'Dirección', 'Guion']",Sin oscar
Sophie Alexander-Katz,No data,[''],"['Reparto', 'Producción']",Más en IMDbPro
Thomas Spurlock,No data,['The City of Crosses'],['Reparto'],Sin oscar
Diego Bottiglieri,No data,"['Cruel Tango', 'La madre del mal', 'Canepazzo', 'Le cose in te nascoste']","['Reparto', 'Guion', 'Producción']",Sin oscar
Christopher Heltai,No data,[''],"['Reparto', 'Guion', 'Producción']",Sin oscar
Srjeeta Bhadra,No data,"[""Tagore's Natir Puja: The Court Dancer""]",No data,Sin oscar
Park Yoon-ho,No data,['Gravity of Acting'],['Reparto'],Sin oscar
Ann Heavey,No data,['Pow Wow'],No data,Sin oscar
Kam Dabrowski,mayo,[''],"['Reparto', 'Producción']",Sin oscar
Tzi Ma,No data,[''],"['Reparto', 'Producción']",Más en IMDbPro
Halle Handji,No data,[''],"['Producción', 'Reparto', 'Dirección']",Más en IMDbPro
Rupert Everett,1959,[''],"['Reparto', 'Producción', 'Guion']",Nominado a 3 premios BAFTA
David Cubitt,1965,[''],"['Reparto', 'Producción']",Sin Oscar
Malathishri,No data,"['My Autograph', 'Sirivantha', 'Khadak', 'Reparto']",['Reparto'],Sin oscar
Diogo Andrade,No data,"['Dessa Água Não Beberei', 'Madrugada Suja', 'Amor Amor', '2022 • 2 episodios', 'Dércio']",['Reparto'],Sin Oscar
Marina Azze,No data,"['Legítima Defesa', '2020', 'Maria', 'Lia', 'Laura']","['Reparto', 'Casting', 'Producción']",Sin Oscar
Jay Wallace,No data,"['El pasajero', 'Tracks Ahead', '2009 • 1 episodio']",['Equipos adicionales'],Sin oscar
Natasha Liu Bordizzo,1994,[''],['Reparto'],Sin oscar
Daniela Galli,1974,[''],['Reparto'],Sin Oscar
Camila Amado,1938,"['Cinzento e Negro', 'Redemoinho', 'Aline', '2008–2011 • 9 episodios', '1975']","['Reparto', 'Dirección de casting', 'Producción']",Sin Oscar
Natalie Alexander,No data,[''],"['Equipos adicionales', 'Reparto', 'Producción']",Más en IMDbPro
John Patrick Jordan,No data,[''],"['Reparto', 'Producción', 'Banda sonora']",Más en IMDbPro
Ariadna Otta,No data,['Stockholm'],['Reparto'],Sin oscar
Jennifer Beals,1963,[''],"['Reparto', 'Producción', 'Cámara y electricidad']",Sin Oscar
Demick Lopes,No data,"['Greta', 'Jungle Pilot', '2019 • 4 episodios', '2022', 'Zica (José Cândido)']",['Reparto'],Sin Oscar
Ljupka Dzundeva,1934,"['Mirno leto', 'Makedonska krvava svadba', 'Volsebnoto samarce', '1975 • 9 episodios', '1952']",['Reparto'],Sin Oscar
Thomas Ian Nicholas,1980,[''],"['Reparto', 'Producción', 'Dirección']",Sin Oscar
Gabriela Barros,1988,[''],"['Reparto', 'Banda sonora']",Sin Oscar
Katrien van Beurden,No data,"['Koen Kampioen', '2012 • 5 episodios', 'Lisa Royackers', 'Serie de TV', '6,2']",['Reparto'],Sin oscar
Swathi,1987,[''],"['Reparto', 'Música', 'Banda sonora']",Sin Oscar
Ken Stott,1954,[''],"['Reparto', 'Banda sonora']",Nominado a 3 premios BAFTA
Sasha Matthews,No data,"['Maxwell', '2013', '2013 • 4 episodios', 'Maya', 'Serie de TV']",['Reparto'],Sin oscar
Taher Shabbir,1987,[''],"['Reparto', 'Dirección', 'Producción']",Sin oscar
Martin Wilton,No data,['Hedda Gabler'],['Reparto'],Sin oscar
Cliff Curtis,1968,[''],"['Reparto', 'Producción']",Sin Oscar
Hilary Tones,No data,"['Ecstasy', 'Bliss!', 'Wire in the Blood', '2008 • 2 episodios', '1 episodio']",['Reparto'],Más en IMDbPro
Joseph Giambalvo,No data,['For 20'],['Reparto'],Sin oscar
Rae Ritke,No data,No data,No data,Sin oscar
Barry Piacente,No data,[''],"['Reparto', 'Música']",Más en IMDbPro
Akshat Jain,No data,['Chhupam Chhaai'],['Reparto'],Sin oscar
Alec Baldwin,1958,[''],"['Reparto', 'Producción', 'Música']",Nominado para 1 premio Óscar
Tábata Cerezo,1993,[''],['Reparto'],Sin Oscar
Jamey DuVall,No data,"['Lamp Post Lane', 'Nothing in the Dark']",['Reparto'],Más en IMDbPro
Ryutaro Kodama,No data,['Maho'],"['Dirección', 'Reparto', 'Guion']",Sin oscar
Aneta Blazejewska,No data,['The Cold Winter'],['Reparto'],Sin oscar
Joel Michaely,No data,[''],"['Reparto', 'Producción', 'Casting']",Más en IMDbPro
Mia Sabrina Mahadir,No data,"['Taiping Adagio', 'Indonesian Maid', 'Cleaner']",['Reparto'],Sin oscar
Letícia Conde,No data,['Un macho en el reformatorio de señoritas'],['Reparto'],Sin oscar
Vicki Michelle,1950,[''],"['Reparto', 'Producción', 'Banda sonora']",Sin oscar
Wan'er Li,No data,"['Shi shui yuan 48 xiaoshi', '4,5']",['Reparto'],Sin oscar
Puneeth Rajkumar,1975,[''],"['Reparto', 'Música', 'Producción']",Sin Oscar
Kimberly West-Carroll,No data,['Dolly Deadly'],['Reparto'],Sin oscar
Ben Lamb,enero,[''],['Reparto'],Sin oscar
Sue Rowe,No data,[''],"['Reparto', 'Producción', 'Guion']",Más en IMDbPro
Javier De la Vega,No data,[''],"['Reparto', 'Equipos adicionales']",Más en IMDbPro
Mestri Balu,No data,['Kala Bhairava'],['Reparto'],Sin oscar
Stine Fischer Christensen,1985,[''],"['Reparto', 'Guion', 'Dirección de la segunda unidad o asistencia a dirección']",Sin Oscar
Fatin Shidqia Lubis,No data,"['Dreams', '6,3', '8,9', 'The X Factor Indonesia', '2012']","['Reparto', 'Banda sonora']",Sin oscar
Carl Carlzon Sahlén,1994,"['Vägen', 'Serie de TV', '5,9', '9,1']","['Edición', 'Cámara y electricidad', 'Edición']",Sin oscar
Terry Pheto,1981,[''],"['Reparto', 'Dirección de casting', 'Producción']",Sin Oscar
Kaitlin Doubleday,1984,[''],"['Reparto', 'Banda sonora']",Sin Oscar
Brian Bernys,No data,"['Granted', 'Game Changers', 'Abby Singer', ""I'm Not Sorry""]","['Reparto', 'Guion', 'Dirección de la segunda unidad o asistencia a dirección']",Sin Oscar
Peter O'Connor,No data,[''],"['Reparto', 'Equipos adicionales']",Más en IMDbPro
Charlie Hofheimer,1981,[''],"['Reparto', 'Producción', 'Edición']",Sin oscar
Mattea D'Amore,No data,"['Available', ""Dead Man's Hand"", 'Profesor T.', '2018 • 1 episodio']",['Reparto'],Sin oscar
Michael Khachanov,No data,[''],"['Reparto', 'Producción', 'Guion']",Más en IMDbPro
Bradley Fowler,No data,[''],"['Reparto', 'Guion', 'Producción']",Más en IMDbPro
Colin Walker,No data,[''],"['Reparto', 'Guion', 'Producción']",Más en IMDbPro
Danielle Replogle,No data,[''],['Reparto'],Sin oscar
Parimala Kalavanth,No data,"['Jothegathi', 'Reparto']",['Reparto'],Sin oscar
Charlie Hunnam,1980,[''],"['Reparto', 'Producción', 'Guion']",Sin Oscar
Steve Martin,1945,[''],"['Guion', 'Reparto', 'Producción']",Ganó 1 premio Primetime Emmy
Alex Santos Alonso,No data,"['The Basement', '2012', 'Dealer', 'Clandestine']","['Reparto', 'Dirección de fotografía y cámara', 'Guion']",Sin oscar
Charlize Theron,1975,[''],"['Producción', 'Reparto', 'Diseño de vestuario']",Ganó 1 premio Óscar
Michalina Olszanska,1992,[''],"['Reparto', 'Producción', 'Banda sonora']",Sin Oscar
Astro,No data,[''],['Reparto'],Más en IMDbPro
Wyatt Russell,1986,[''],"['Reparto', 'Producción', 'Banda sonora']",Sin Oscar
Dennis Williams,No data,"['Secuestro infernal', 'Carretera al infierno', 'The Sandlot: Historia de un verano', 'Últimas consecuencias']","['Localización', 'Transporte', 'Reparto']",Sin oscar
Kylie Bracknell,No data,[''],"['Reparto', 'Equipos adicionales']",Más en IMDbPro
Chuma Gault,1972,[''],"['Reparto', 'Dirección']",Sin oscar
Sherman Allen,No data,[''],"['Reparto', 'Música', 'Guion']",Más en IMDbPro
Patricia Reyes Spíndola,1953,[''],"['Reparto', 'Dirección', 'Dirección de casting']",Sin Oscar
Enver Gjokaj,1980,[''],"['Reparto', 'Guion', 'Dirección']",Sin Oscar
Nicholas J. Hearne,1979,"['Four Color Eulogy', 'The Dark Knight Returns: An Epic Fan Film', 'Comedy Lab', '1998', '2012']","['Reparto', 'Guion', 'Cámara y electricidad']",Sin oscar
Zaher Mahdi,No data,"['Faces and Mirrors', '8,4']",['Reparto'],Sin oscar
Emilia Schüle,1992,[''],"['Reparto', 'Banda sonora']",Sin Oscar
Timothy Spall,1957,[''],"['Reparto', 'Producción', 'Guion']",Nominado a 5 premios BAFTA
Shaun Trainer,No data,"['Still Waters', 'Monopoly', 'Phoenix Rising', 'Henry Green']",['Reparto'],Sin oscar
Paul Dean,1951,[''],"['Reparto', 'Banda sonora']",Sin Oscar
Petru Roscovan,No data,"['Anisoara', 'Panihida']",['Reparto'],Sin oscar
Tygh Runyan,1976,[''],"['Reparto', 'Dirección', 'Producción']",Sin Oscar
Tommie-Amber Pirie,No data,[''],"['Reparto', 'Dirección']",Más en IMDbPro
Vusi Kunene,No data,[''],['Reparto'],Más en IMDbPro
Juraj Nvota,1954,"['Muzika', 'Maliar z Montany', 'Kruté radosti', 'Confidente']","['Dirección', 'Reparto', 'Guion']",Sin Oscar
Brittany B. Norris,No data,"['Do No Harm', 'In the Pines']",['Reparto'],Sin oscar
Elizaveta Zarubina,2004,"['Blizhe, chem kazhetsya', 'Reparto', '2023', '2015']","['Reparto', 'Producción']",Sin oscar
Hemant Sharma,No data,"['Bhajjo Veero Ve', 'Happy Journey']","['Dirección', 'Dirección de la segunda unidad o asistencia a dirección']",Sin oscar
Saga Björling,1993,"['The Rain', '7 Days', 'The Voice Sverige']",['Reparto'],Sin oscar
Sadhana Singh,No data,"['Super 30', 'Nadiya Ke Paar', 'Mukkabaaz', 'Tujhe Pyar Karne Laga hoon']",['Reparto'],Más en IMDbPro
Tabla Nani,No data,"['Kaanchaana', 'RC Brothers', '90', 'Reparto']","['Reparto', 'Guion']",Más en IMDbPro
Mark Borkowski,No data,[''],"['Reparto', 'Guion', 'Producción']",Más en IMDbPro
Spenser Brown,No data,[''],['Reparto'],Más en IMDbPro
Mingus Dagelet,No data,[''],['Reparto'],Sin oscar
Marwan Kenzari,1983,[''],"['Reparto', 'Producción']",Sin Oscar
Robert Z'Dar,1950,[''],"['Reparto', 'Producción']",Sin Oscar
Sidse Babett Knudsen,noviembre,[''],"['Reparto', 'Producción']",Ganó 1 premio BAFTA
Penoel Esdras Kenzong,No data,['Orphelia'],['Reparto'],Sin oscar
Thomas le Noir,No data,"['Rescue 911', '1989 • 1 episodio', 'Self - Investigating Detective', 'Serie de TV', '7,3']",['Equipos adicionales'],Sin oscar
Edward Asner,1929,[''],"['Reparto', 'Producción', 'Equipos adicionales']",Ganó 7 premios Primetime Emmy
Gaia Scodellaro,julio,[''],['Reparto'],Sin oscar
Kathy Butler Sandvoss,No data,[''],"['Reparto', 'Arte']",Más en IMDbPro
Katrin Pollitt,1966,"['Anonymous', 'La condesa', 'Passion', 'Lore']",['Reparto'],Sin oscar
Jeevan Ullal,No data,"['Kudhkana Madme', 'Reparto']","['Reparto', 'Dirección de la segunda unidad o asistencia a dirección']",Sin oscar
Raymond Turturro,No data,[''],"['Reparto', 'Guion', 'Producción']",Más en IMDbPro
Michael Jassin,1986,"['Alles was zählt', '2015–2017 • 194 episodios', '2019', 'Tom', 'Jonas Schneider']","['Reparto', 'Equipos adicionales']",Sin oscar
Min-ji Lee,1988,"['Jimseung ui kkut', 'Jane', 'Gongjo 2: Inteonaesyeonal', 'Zombie Crush in Heyri']","['Reparto', 'Equipos adicionales']",Sin Oscar
Paul Cantrell,No data,"['Quarantine', 'Assignation', 'War Made Easy: How Presidents & Pundits Keep Spinning Us to Death']","['Música', 'Composición']",Sin oscar
Anthony Montes,No data,[''],"['Reparto', 'Producción', 'Guion']",Más en IMDbPro
Kevin Kilner,1958,[''],['Reparto'],Sin oscar
Patrick Baladi,1971,[''],['Reparto'],Sin oscar
Uzo Aduba,1981,[''],"['Reparto', 'Producción', 'Banda sonora']",Ganó 3 premios Primetime Emmy
Antonio Banderas,1960,[''],"['Reparto', 'Producción', 'Guion']",Nominado para 1 premio Óscar
Edson Jean,No data,[''],"['Reparto', 'Dirección', 'Guion']",Más en IMDbPro
José Manuel Salguero,No data,['Alalá'],No data,Sin oscar
Natalie Martins,No data,"['Emmi', 'Miracle Grow', 'Into the Woods', 'Kill or Be Killed']","['Reparto', 'Cámara y electricidad', 'Dirección']",Sin Oscar
Abhay Bhargava,No data,[''],['Reparto'],Más en IMDbPro
Kyle Kruger,1967,"[""Rain Falls from Earth: Surviving Cambodia's Darkest Hour"", 'Hair I Go Again']","['Producción', 'Dirección de arte', 'Cámara y electricidad']",Sin oscar
Dharma,No data,"['Maanikya', 'Indru Netru Naalai', 'Kotigobba 2', 'Navagraha']",['Reparto'],Más en IMDbPro
Jamie Binnion,No data,[''],['Reparto'],Sin oscar
Priya Ashmitha,No data,"['Pazhaya Vannarapettai', 'Salim', 'Thuneri', 'Draupathi']",['Reparto'],Sin oscar
Sandra Ahlqvist,1985,"['The Rain', 'Rallybrudar']","['Reparto', 'Vestuario', 'Maquillaje']",Sin oscar
Joanna Roth,1965,"['Frankenstein de Mary Shelley', 'Dragon Age II', '2011', '1998', '1990']",['Reparto'],Sin oscar
Robert Tortora,No data,"['Legacy of the Tengu', 'Polarity']",['Reparto'],Sin oscar
Emily Blunt,1983,[''],"['Reparto', 'Producción', 'Equipos adicionales']",Nominado a 3 premios BAFTA
Richard Pyros,No data,[''],"['Reparto', 'Guion', 'Producción']",Más en IMDbPro
Byron Grace,No data,['Student Sessions'],['Música'],Sin oscar
Carolyn Nelson Henry,No data,"['Lethal Love Affair', 'Producción']",['Producción'],Sin oscar
Jonnie Hurn,1971,[''],"['Reparto', 'Producción', 'Guion']",Sin Oscar
Paul Reiser,1956,[''],"['Reparto', 'Guion', 'Producción']",Nominado para 11 premios Primetime Emmy
Unique Priscilla,1970,"['Sampai Ajal Memisahkan', 'Sri Asih', 'Wedding Proposal', 'Hari Ini Kenapa, Naira?', '2021 • 2 episodios']",['Reparto'],Sin oscar
Tony Cox,1958,[''],"['Reparto', 'Especialistas', 'Producción']",Sin oscar
Dre Davis,1986,[''],"['Reparto', 'Guion', 'Producción']",Sin oscar
Zachary Allen Farmer,No data,"['Four Color Eulogy', 'Transmissions from Colony One', 'Face Mask', 'Don Sawyer: Real Actual Lawyer']",['Reparto'],Sin oscar
Fabio Aquino,No data,['Homem Peixe'],No data,Sin oscar
Ken 'Shrink' Weitzner,No data,['The Best of It'],No data,Sin oscar
Monia Alfieri,No data,"['Seconda primavera', 'Corpo celeste']",['Reparto'],Sin oscar
Baily Hopkins,1986,"['El amanecer del planeta de los simios', 'The Master', 'Chapter Six', 'Weatherman']","['Reparto', 'Guion', 'Producción']",Sin Oscar
Christian Gray,No data,"['Normal', 'Reclamation', '8,1', 'The Corridor Crossing']","['Reparto', 'Producción']",Sin oscar
Brian Carlton,No data,[''],"['Reparto', 'Guion']",Más en IMDbPro
Daryl James Harris II,No data,"[""Voyage of Time: Life's Journey"", 'Voyage of Time: The IMAX Experience']",['Reparto'],Sin oscar
Isabelle Flachsmann,No data,"['Genesis and Catastrophe', '2000', 'A Tangled Web', 'Die weisse Lilie']",['Reparto'],Sin oscar
Javier Omar,No data,"['La Casa del Kilómetro 5', 'El Seminarista', '2013']","['Dirección', 'Guion', 'Producción']",Sin oscar
Bill Fellows,1957,[''],['Reparto'],Sin Oscar
Randall Clute,No data,['Eight Days'],['Reparto'],Sin oscar
Thandav,No data,"['Nanna Guri Warrant - The Mission', '6,7', 'Serie de TV']",['Reparto'],Sin oscar
Nicolás Díaz,No data,['Almamula'],['Reparto'],Sin oscar
Rémi Boutet de Monvel,No data,"['La dernière nuit', 'Sélection officielle']",['Reparto'],Sin oscar
Lawrence Moore,No data,['Red Snow'],['Equipos adicionales'],Sin oscar
Ladan Ghanad,No data,['Seda-ye Man-o Mishenavid'],['Reparto'],Sin oscar
Vano Dugladze,No data,"['Tyler Rake 2', 'Tiflisi', '2014', 'How to Fake a War']",['Reparto'],Sin oscar
Kate Fleetwood,1972,[''],"['Reparto', 'Banda sonora']",Sin oscar
Cassandra Freeman,1978,[''],"['Reparto', 'Guion']",Sin oscar
Mia-Carina Mollicone,No data,[''],"['Reparto', 'Casting', 'Guion']",Más en IMDbPro
Raaj Suriyan,No data,"['My Name Is Raja', 'Jataayu', '7,5', 'Reparto']","['Reparto', 'Guion', 'Producción']",Sin oscar
Teresa Madruga,1953,[''],"['Reparto', 'Equipos adicionales']",Sin Oscar
Greta Scarano,1986,[''],"['Reparto', 'Guion', 'Dirección']",Sin Oscar
Harsha Chemudu,1991,[''],"['Reparto', 'Producción', 'Dirección']",Sin Oscar
John Carroll Lynch,1963,[''],"['Reparto', 'Dirección', 'Edición']",Sin Oscar
Miodrag Radovanovic,1929,"['Salas u Malom Ritu', 'TV teatar', '1963–2017 • 15 episodios', 'Gen. Zdanov', 'Joakim von Ribentrop']","['Reparto', 'Dirección de la segunda unidad o asistencia a dirección']",Sin Oscar
Hunter Mackenzie Austin,No data,"['Marvel vs. Capcom 3: Fate of Two Worlds', '2011', 'Tsukasa TakashiroBaoClyde', 'Videojuego', '6,5']","['Reparto', 'Equipos adicionales']",Sin oscar
Ella Ballentine,No data,[''],"['Reparto', 'Banda sonora']",Más en IMDbPro
Tom Cullen,1985,[''],"['Reparto', 'Producción', 'Dirección']",Sin Oscar
Dakota Johnson,1989,[''],"['Reparto', 'Producción', 'Dirección']",Nominado a 1 premio BAFTA
Paul Benjamin,1969,[''],"['Reparto', 'Producción', 'Guion y continuidad']",Ganó 1 premio Primetime Emmy
Amy Nuttall,1982,[''],"['Reparto', 'Cámara y electricidad']",Sin Oscar
Dave Moseley,No data,['Long Forgotten Fields'],['Reparto'],Sin oscar
Enrique Arce,1972,[''],"['Reparto', 'Guion']",Sin Oscar
Dee Ann Newkirk,No data,"['Vacant House', 'Hollywood Musical!', 'Salesgirl', 'Corto']",['Reparto'],Sin oscar
Joshua Fredric Smith,1980,[''],"['Reparto', 'Producción', 'Guion']",Sin Oscar
Shirley Henderson,1965,[''],"['Reparto', 'Banda sonora']",Nominado a 1 premio BAFTA
Jason Matthew Smith,noviembre,[''],['Reparto'],Sin oscar
Colleen Elizabeth Miller,mayo,[''],"['Reparto', 'Dirección', 'Producción']",Sin Oscar
Jon Caballero,No data,"['Nightwing: Escalation', '2012–2015 • 3 episodios', '2017', 'Nightwing (2013)', '2016']","['Reparto', 'Producción', 'Dirección de fotografía y cámara']",Sin oscar
Angela Sant'Albano,No data,[''],"['Reparto', 'Producción', 'Guion']",Más en IMDbPro
Leonor Martín,1989,"['Madrid, Above the Moon', 'Los Protegidos: A.D.N', '2022 • 1 episodio', '2013', '2014']",['Reparto'],Sin oscar
Cory Hardrict,1979,[''],"['Reparto', 'Producción']",Sin Oscar
Georgia Warner,No data,[''],"['Reparto', 'Dirección', 'Guion']",Más en IMDbPro
Rani Chatterjee,1989,[''],"['Reparto', 'Música']",Sin Oscar
Alberto Siples,No data,['Piloto'],['Reparto'],Sin oscar
Joe Hunt,No data,['Patience'],['Reparto'],Sin oscar
Steve Dakota,No data,"['The Wrecking Yard', 'Gallant Eagle 82', 'Sunburst II', '1967 Parole Hearing']","['Reparto', 'Producción', 'Guion']",Sin oscar
Phoebe Ferguson,No data,['Zodiac'],['Reparto'],Sin oscar
Colin Firth,1960,[''],"['Reparto', 'Producción', 'Guion']",Ganó 1 premio Óscar
Luis Guerrero,No data,"['Blindado', ""You're Not Alone"", 'Beneath Us', 'The War Below']",['Producción'],Sin oscar
Carl Jacob,1785,"['Blancanieves y los siete enanitos', 'Enredados', 'Hansel and Gretel in 3D']","['Guion', 'Equipos adicionales']",Sin oscar
Jana Stojanovska,No data,"['Sol negro', '2017 • 4 episodios', '2010', '2016', '2013']",['Reparto'],Sin oscar
Christopher Gehrman,No data,[''],"['Reparto', 'Dirección']",Más en IMDbPro
Jahin,No data,['Modern Times'],['Reparto'],Sin oscar
Julian Rhind-Tutt,1968,[''],"['Reparto', 'Producción', 'Equipos adicionales']",Sin oscar
Gerard Butler,1969,[''],"['Reparto', 'Producción', 'Cámara y electricidad']",Sin Oscar
Freya Tingley,1994,[''],['Reparto'],Sin Oscar
Alan Tudyk,1971,[''],"['Reparto', 'Guion', 'Producción']",Nominado para 1 premio Primetime Emmy
Emilio Roso,1976,[''],"['Reparto', 'Producción', 'Guion']",Sin Oscar
Julio César Rivera,1987,"['Vide Noir', 'CollegeHumor Originals', '2018–2019 • 2 episodios', '2017']",['Reparto'],Sin oscar
Al Miro,enero,[''],"['Reparto', 'Dirección', 'Guion']",Sin Oscar
Aravind Bolar,No data,"['Rickshaw Driver', 'Chase in the dark', 'Raj Sounds and Lights', 'Are Marler']",['Reparto'],Sin oscar
Thibault de Montalembert,1962,"['Sin novedad en el frente', 'The King', 'The Tunnel', '2013–2018 • 20 episodios', 'ChabrandJuge ChabrandLe juge Chabrand']",['Reparto'],Sin Oscar
Nia Vardalos,1962,[''],"['Reparto', 'Guion', 'Producción']",Nominado para 1 premio Óscar
Anna Pieri,No data,[''],['Reparto'],Más en IMDbPro
Monisha Chowdhary,No data,"['Byadagi Mirchi', 'Corto', 'Corto', '7,4']",['Reparto'],Sin oscar
Alex Gartshore,No data,['Umbrella'],['Reparto'],Sin oscar
Joshua MacDonald,No data,No data,No data,Sin oscar
Wes Bentley,1978,[''],"['Reparto', 'Producción', 'Banda sonora']",Nominado a 1 premio BAFTA
Nahuel Pérez Biscayart,1986,[''],"['Reparto', 'Producción', 'Dirección']",Sin Oscar
RonReaco Lee,1976,[''],"['Reparto', 'Dirección', 'Producción']",Sin Oscar
Hiwa Bourne,No data,"['The Holy Man', 'Mentes criminales', '2006 • 1 episodio', '1998', '2009']",['Reparto'],Sin oscar
Toni Dimitriou,No data,[''],"['Reparto', 'Guion']",Más en IMDbPro
Michael Specht,1976,"['En el lugar del crimen', '2016 • 1 episodio', '2019', '2018', 'Autohändler']",['Reparto'],Sin oscar
Seth Bailey,1946,"['The Cynical Life of Harper Hall', '2011 • 1 episodio', '2012', '1998', 'Circus Clown(as Jimmy Lee Gill)']","['Reparto', 'Arte']",Sin oscar
Bobbi Salvör Menuez,1993,[''],"['Reparto', 'Guion', 'Diseño de vestuario']",Sin oscar
Blake Berris,1984,[''],"['Reparto', 'Guion', 'Producción']",Sin Oscar
Sean Patrick Flanery,1965,[''],"['Reparto', 'Producción', 'Guion']",Sin Oscar
Louis Merriman,No data,['Rising Fear'],"['Reparto', 'Especialistas']",Sin oscar
Hannah Gomez,No data,['Almost Sorta Maybe'],['Reparto'],Sin oscar
Bhanu Sri Mehra,No data,[''],['Reparto'],Sin oscar
Kelly Reilly,1977,[''],"['Reparto', 'Producción']",Sin Oscar
Pixie Le Knot,No data,[''],"['Reparto', 'Equipos adicionales', 'Especialistas']",Más en IMDbPro
AJ Michalka,1991,[''],"['Reparto', 'Producción', 'Guion']",Sin Oscar
Christina Jo'Leigh,No data,[''],"['Producción', 'Reparto', 'Equipos adicionales']",Más en IMDbPro
Bhaskar Banerjee,No data,[''],['Reparto'],Sin oscar
Rajkamal,No data,['Idhaya Nayagan'],"['Dirección', 'Reparto']",Sin oscar
Marshal Hilton,1955,[''],"['Reparto', 'Producción', 'Equipos adicionales']",Sin Oscar
Ausar A. English,No data,"['Shot in the Dark', 'The Hospital', 'Avirex', 'Lake Pluto']","['Reparto', 'Guion', 'Producción']",Sin oscar
Khaldoun Aldhalie,No data,"['A Portrait Asunder', 'Corto', 'Corto', 'Corto']","['Dirección', 'Guion', 'Reparto']",Sin oscar
Diana Weston,1953,"['Agony', '1979–1981 • 18 episodios', '1979 • 2 episodios', 'Delia Masson', 'Miniserie de TV']",['Reparto'],Sin oscar
Fandy Christian,No data,"['Jangan Bercerai Bunda', 'Ada Cinta Di SMA', 'Aku, Kau, & KUA', 'Sumpah Pocong di Sekolah']",['Reparto'],Sin Oscar
Sophie Radermacher,No data,"['Amor y amistad', 'Lost in Thought']","['Guion', 'Producción', 'Dirección']",Sin oscar
Christina July Kim,1987,[''],"['Reparto', 'Producción', 'Guion']",Sin Oscar
Stewart Scudamore,No data,[''],"['Reparto', 'Guion']",Más en IMDbPro
Jess Adams,1991,[''],"['Reparto', 'Casting']",Sin oscar
Luca Lionello,1964,[''],['Reparto'],Sin Oscar
Aishwaria Dussane,No data,"['Tension Thai Gayu', '7,6']",['Reparto'],Sin oscar
Takashi Asano,No data,[''],No data,Sin oscar
Chip Joslin,marzo,[''],"['Reparto', 'Producción', 'Guion']",Sin oscar
Kayoze Irani,No data,"['El estallido de la noticia', 'Student of the Year', 'Sarzameen', 'Dirección(segment Ankahi)']","['Sonido', 'Reparto', 'Dirección']",Sin Oscar
Katey Sagal,1954,[''],"['Reparto', 'Producción', 'Música']",Sin Oscar
Molly Tarlov,No data,[''],['Reparto'],Más en IMDbPro
Julia Scarlett Dan,No data,[''],['Reparto'],Más en IMDbPro
Tano D'Amore,No data,"['Notti bionde', '2018', 'Buona giornata']","['Reparto', 'Producción']",Sin oscar
Sanam Shetty,No data,"['Ambuli', 'Srimanthudu', 'Katham Katham', 'Walter']",['Reparto'],Sin oscar
Erich Schuett,No data,[''],"['Reparto', 'Guion']",Sin Oscar
Chris Pine,1980,[''],"['Reparto', 'Producción', 'Guion']",Nominado para 1 premio Primetime Emmy
Omar Elba,1983,[''],"['Reparto', 'Guion', 'Dirección']",Sin Oscar
Sharan Kumar Kabbur,No data,"['Poojari', 'Dirección', '2016']","['Dirección', 'Reparto', 'Guion']",Sin oscar
Madeleine Perain,No data,['Le sang de la haine'],['Reparto'],Sin oscar
John Michael Higgins,1963,[''],"['Reparto', 'Música', 'Producción']",Nominado para 1 premio Primetime Emmy
Christelle Dumas,No data,['Le sang de la haine'],['Reparto'],Sin oscar
Graham Deller,No data,['Friendship Love and Loyalty'],['Reparto'],Sin oscar
Romany Malco,1968,[''],"['Reparto', 'Dirección', 'Guion']",Sin Oscar
Antonio Monroy,No data,['W2MW: Welcome to My World'],['Dirección de fotografía y cámara'],Sin oscar
Abhishek Chatterjee,No data,[''],No data,Más en IMDbPro
Noah Segan,1983,[''],"['Reparto', 'Dirección', 'Guion']",Sin Oscar
Sunil Bhalder,No data,[''],['Reparto'],Sin oscar
Ryan Dickson,No data,"['The Legend of Dick and Dom', '2009 • 1 episodio']",['Reparto'],Sin oscar
Morgan Lindsay Lane,No data,"['American Conjuring', 'Second Sight', 'Single & Dating in Vancouver', '2013–2014 • 3 episodios', 'Bird in the Cage(as Morgan Pasiuk)']","['Reparto', 'Equipos adicionales']",Sin oscar
Jeff Bridges,1949,[''],"['Reparto', 'Producción', 'Arte']",Ganó 1 premio Óscar
John Contini,No data,['Danger Road'],"['Guion', 'Producción']",Sin oscar
Martin Feifel,1964,[''],['Reparto'],Sin Oscar
Symon Base Kalema,No data,"[""Veronica's Wish"", 'KEMI', '7,7', 'Reparto']",['Reparto'],Sin Oscar
Shawn McDonald,1976,"['Epic Movie', 'Borderline Coyotes', '2012 • 3 episodios', 'CTU', 'Serie de TV']","['Reparto', 'Música', 'Especialistas']",Sin Oscar
Taylor Dior,2006,"['Notorious', 'El libro secreto de Henry', 'Jessica Jones', '2015 • 1 episodio', 'Shaniqua']",['Reparto'],Sin oscar
Max Hernandez Jr.,No data,[''],"['Reparto', 'Dirección', 'Guion']",Más en IMDbPro
Tim Joyce,No data,"['Freddy el colgao', 'El invasor', 'El pecado', '1997', 'Edición']","['Dirección de arte', 'Edición', 'Edición']",Sin oscar
Cedrick Rodríguez,No data,"['Profunda depresión: Deep depression', 'The death', 'Hernán']",['Reparto'],Sin oscar
Richard Robinson,1985,"['The Artist', 'Venganza: Conexión Estambul', 'Hatchet II', 'Trenches', '2008']",['Agente de talentos'],Sin Oscar
Lisa Ronaghan,No data,[''],"['Reparto', 'Producción', 'Guion']",Más en IMDbPro
Manjunath Hegde,No data,"['Dr. 56', 'Detective Teekshana', '7,6', '6,7']",['Reparto'],Más en IMDbPro
R. Kan Albay,1975,"['Isra en het magische boek', ""Gangsta's Hell"", '3,1', 'Osman Engin']","['Reparto', 'Guion', 'Dirección']",Sin Oscar
Sven Nordin,1957,[''],"['Reparto', 'Banda sonora']",Sin Oscar
Cris Cunningham,No data,"['Vacant House', 'Taking Care of Business (TBN)', 'The Beast of Balor', '2013']","['Producción', 'Reparto', 'Dirección']",Más en IMDbPro
Meghanne Kessels,No data,"['Desaparecida', 'Jack Brooks: Cazador de Monstruos', 'Decoys', 'At the Hotel', '2006']",['Reparto'],Más en IMDbPro
Al Dias,No data,[''],"['Reparto', 'Producción', 'Guion']",Más en IMDbPro
Devika Madhavan,No data,"['Vettam', 'Avan Aval', 'Reparto', 'Reparto']",['Reparto'],Sin oscar
Jochen Arbeit,No data,"['La última luz', 'F. est un salaud', 'Touch Me Not (No me toques)', 'Gisela']","['Reparto', 'Composición', 'Banda sonora']",Sin oscar
Kevin Crowley,No data,No data,No data,Sin oscar
Rachel Weisz,1970,[''],"['Reparto', 'Producción', 'Dirección']",Ganó 1 premio Óscar
Anil Ninasam,No data,['Jothegathi'],['Reparto'],Sin oscar
Thanassis Chalkias,No data,"['Me axioprepeia', 'Nightlab', 'Kathartirio', 'Hrysoskoni']",['Reparto'],Sin oscar
Javivi,1961,"['Lalola', '2009 • 10 episodios', '1999', '1999', 'Bruno']","['Reparto', 'Banda sonora']",Sin Oscar
Jordon Alexander,No data,No data,No data,Sin oscar
Jonathan Fisher,No data,"['Blood', '2018–2020 • 11 episodios', 'Producción', 'Serie de TV', '5,8']","['Producción', 'Guion', 'Guion y continuidad']",Sin Oscar
